2023-11-14,12:58:08,46688.4184311340,2.214896214896215,-5.262007326007327,0.4,0,
2023-11-14,12:58:08,46688.4194312840,2.175824175824176,-5.228624175824176,0.4,0,
2023-11-14,12:58:08,46688.4204331530,2.146520146520146,-5.203586813186813,0.4,0,
2023-11-14,12:58:08,46688.4214312720,2.131868131868132,-5.191068131868132,0.4,0,
2023-11-14,12:58:08,46688.4224312130,2.11965811965812,-5.180635897435898,0.4,0,
2023-11-14,12:58:08,46688.4234312070,2.126984126984127,-5.186895238095238,0.4,0,
2023-11-14,12:58:08,46688.4244313570,2.141636141636142,-5.19941391941392,0.4,0,
2023-11-14,12:58:08,46688.4254312990,2.158730158730159,-5.214019047619048,0.4,0,
2023-11-14,12:58:08,46688.4264311880,2.185592185592185,-5.236969963369964,0.4,0,
2023-11-14,12:58:08,46688.4274313380,2.214896214896215,-5.262007326007327,0.4,0,
2023-11-14,12:58:08,46688.4284313320,2.236874236874237,-5.280785347985349,0.4,0,
2023-11-14,12:58:08,46688.4294313780,2.256410256410256,-5.297476923076923,0.4,0,
2023-11-14,12:58:08,46688.4304332470,2.266178266178266,-5.305822710622711,0.4,0,
2023-11-14,12:58:08,46688.4314313140,2.261294261294261,-5.301649816849817,0.4,0,
2023-11-14,12:58:08,46688.4324313590,2.256410256410256,-5.297476923076923,0.4,0,
2023-11-14,12:58:08,46688.4334313010,2.236874236874237,-5.280785347985349,0.4,0,
2023-11-14,12:58:08,46688.4344312950,2.224664224664225,-5.270353113553114,0.4,0,
2023-11-14,12:58:08,46688.4354312890,2.202686202686203,-5.251575091575092,0.4,0,
2023-11-14,12:58:08,46688.4364313870,2.178266178266178,-5.230710622710623,0.4,0,
2023-11-14,12:58:08,46688.4374312760,2.168498168498168,-5.222364835164836,0.4,0,
2023-11-14,12:58:08,46688.4384310100,2.158730158730159,-5.214019047619048,0.4,0,
2023-11-14,12:58:08,46688.4394311600,2.156288156288156,-5.211932600732601,0.4,0,
2023-11-14,12:58:08,46688.4404331330,2.163614163614163,-5.218191941391941,0.4,0,
2023-11-14,12:58:08,46688.4414314600,2.173382173382173,-5.226537728937729,0.4,0,
2023-11-14,12:58:08,46688.4424313490,2.188034188034188,-5.239056410256411,0.4,0,
2023-11-14,12:58:08,46688.4434312390,2.207570207570208,-5.255747985347986,0.4,0,
2023-11-14,12:58:08,46688.4444312850,2.224664224664225,-5.270353113553114,0.4,0,
2023-11-14,12:58:08,46688.4454312270,2.231990231990232,-5.276612454212454,0.4,0,
2023-11-14,12:58:08,46688.4464312720,2.239316239316239,-5.282871794871795,0.4,0,
2023-11-14,12:58:08,46688.4474314220,2.246642246642247,-5.289131135531136,0.4,0,
2023-11-14,12:58:08,46688.4484312600,2.239316239316239,-5.282871794871795,0.4,0,
2023-11-14,12:58:08,46688.4494312540,2.231990231990232,-5.276612454212454,0.4,0,
2023-11-14,12:58:08,46688.4504332790,2.214896214896215,-5.262007326007327,0.4,0,
2023-11-14,12:58:08,46688.4514312930,2.21001221001221,-5.257834432234432,0.4,0,
2023-11-14,12:58:08,46688.4524310270,2.192918192918193,-5.243229304029304,0.4,0,
2023-11-14,12:58:08,46688.4534312810,2.185592185592185,-5.236969963369964,0.4,0,
2023-11-14,12:58:08,46688.4544311710,2.175824175824176,-5.228624175824176,0.4,0,
2023-11-14,12:58:08,46688.4554312690,2.175824175824176,-5.228624175824176,0.4,0,
2023-11-14,12:58:08,46688.4564313140,2.178266178266178,-5.230710622710623,0.4,0,
2023-11-14,12:58:08,46688.4574313600,2.180708180708181,-5.232797069597069,0.4,0,
2023-11-14,12:58:08,46688.4584313020,2.190476190476191,-5.241142857142858,0.4,0,
2023-11-14,12:58:08,46688.4594311920,2.207570207570208,-5.255747985347986,0.4,0,
2023-11-14,12:58:08,46688.4604329560,2.214896214896215,-5.262007326007327,0.4,0,
2023-11-14,12:58:08,46688.4614310750,2.227106227106227,-5.272439560439561,0.4,0,
2023-11-14,12:58:08,46688.4624311730,2.227106227106227,-5.272439560439561,0.4,0,
2023-11-14,12:58:08,46688.4634313750,2.231990231990232,-5.276612454212454,0.4,0,
2023-11-14,12:58:08,46688.4644313690,2.227106227106227,-5.272439560439561,0.4,0,
2023-11-14,12:58:08,46688.4654312580,2.224664224664225,-5.270353113553114,0.4,0,
2023-11-14,12:58:08,46688.4664313560,2.222222222222222,-5.268266666666667,0.4,0,
2023-11-14,12:58:08,46688.4674314540,2.212454212454213,-5.259920879120879,0.4,0,
2023-11-14,12:58:08,46688.4684312920,2.2002442002442,-5.249488644688645,0.4,0,
2023-11-14,12:58:08,46688.4694312340,2.192918192918193,-5.243229304029304,0.4,0,
2023-11-14,12:58:08,46688.4704331540,2.190476190476191,-5.241142857142858,0.4,0,
2023-11-14,12:58:08,46688.4714313770,2.188034188034188,-5.239056410256411,0.4,0,
2023-11-14,12:58:08,46688.4724313710,2.185592185592185,-5.236969963369964,0.4,0,
2023-11-14,12:58:08,46688.4734313130,2.190476190476191,-5.241142857142858,0.4,0,
2023-11-14,12:58:08,46688.4744313590,2.195360195360196,-5.245315750915752,0.4,0,
2023-11-14,12:58:08,46688.4754312480,2.205128205128205,-5.253661538461539,0.4,0,
2023-11-14,12:58:08,46688.4764313980,2.212454212454213,-5.259920879120879,0.4,0,
2023-11-14,12:58:08,46688.4774312880,2.217338217338217,-5.264093772893773,0.4,0,
2023-11-14,12:58:08,46688.4784313340,2.222222222222222,-5.268266666666667,0.4,0,
2023-11-14,12:58:08,46688.4794313280,2.227106227106227,-5.272439560439561,0.4,0,
2023-11-14,12:58:08,46688.4804329880,2.21978021978022,-5.26618021978022,0.4,0,
2023-11-14,12:58:08,46688.4814312110,2.21978021978022,-5.26618021978022,0.4,0,
2023-11-14,12:58:08,46688.4824311530,2.214896214896215,-5.262007326007327,0.4,0,
2023-11-14,12:58:08,46688.4834311990,2.21001221001221,-5.257834432234432,0.4,0,
2023-11-14,12:58:08,46688.4844314010,2.21001221001221,-5.257834432234432,0.4,0,
2023-11-14,12:58:08,46688.4854313950,2.195360195360196,-5.245315750915752,0.4,0,
2023-11-14,12:58:08,46688.4864313880,2.2002442002442,-5.249488644688645,0.6,0,
2023-11-14,12:58:08,46688.4874314340,2.195360195360196,-5.245315750915752,0.6,0,
2023-11-14,12:58:08,46688.4884313240,2.195360195360196,-5.245315750915752,0.6,0,
2023-11-14,12:58:08,46688.4894312130,2.185592185592185,-5.236969963369964,0.6,0,
2023-11-14,12:58:08,46688.4904332380,2.163614163614163,-5.218191941391941,0.6,0,
2023-11-14,12:58:08,46688.4914312010,2.112332112332112,-5.174376556776557,0.6,0,
2023-11-14,12:58:08,46688.4924312990,2.043956043956044,-5.115956043956044,0.6,0,
2023-11-14,12:58:08,46688.4934312930,1.970695970695971,-5.053362637362637,0.6,0,
2023-11-14,12:58:08,46688.4944313910,1.897435897435897,-4.990769230769231,0.6,0,
2023-11-14,12:58:08,46688.4954313840,1.841269841269841,-4.942780952380953,0.6,0,
2023-11-14,12:58:08,46688.4964314300,1.7997557997558,-4.907311355311355,0.6,0,
2023-11-14,12:58:08,46688.4974314760,1.787545787545788,-4.896879120879121,0.6,0,
2023-11-14,12:58:08,46688.4984314180,1.7997557997558,-4.907311355311355,0.6,0,
2023-11-14,12:58:08,46688.4994313070,1.826617826617827,-4.930262271062271,0.6,0,
2023-11-14,12:58:08,46688.5004332800,1.875457875457875,-4.971991208791209,0.6,0,
2023-11-14,12:58:08,46688.5014313990,1.929181929181929,-5.017893040293041,0.6,0,
2023-11-14,12:58:08,46688.5024312370,1.985347985347985,-5.065881318681319,0.6,0,
2023-11-14,12:58:08,46688.5034310740,2.031746031746032,-5.10552380952381,0.6,0,
2023-11-14,12:58:08,46688.5044312240,2.058608058608058,-5.128474725274725,0.6,0,
2023-11-14,12:58:08,46688.5054313220,2.078144078144078,-5.1451663003663,0.6,0,
2023-11-14,12:58:08,46688.5064313680,2.073260073260073,-5.140993406593407,0.6,0,
2023-11-14,12:58:08,46688.5074313620,2.051282051282051,-5.122215384615385,0.6,0,
2023-11-14,12:58:08,46688.5084313560,2.024420024420024,-5.099264468864469,0.6,0,
2023-11-14,12:58:08,46688.5094312970,1.980463980463981,-5.061708424908425,0.6,0,
2023-11-14,12:58:08,46688.5104314470,1.938949938949939,-5.026238827838828,0.6,0,
2023-11-14,12:58:08,46688.5114313890,1.902319902319902,-4.994942124542124,0.6,0,
2023-11-14,12:58:08,46688.5124313830,1.870573870573871,-4.967818315018315,0.6,0,
2023-11-14,12:58:08,46688.5134314290,1.851037851037851,-4.951126739926741,0.6,0,
2023-11-14,12:58:08,46688.5144314230,1.853479853479854,-4.953213186813187,0.6,0,
2023-11-14,12:58:08,46688.5154314160,1.863247863247863,-4.961558974358974,0.6,0,
2023-11-14,12:58:08,46688.5164375040,1.89010989010989,-4.984509890109891,0.6,0,
2023-11-14,12:58:08,46688.5174446330,1.916971916971917,-5.007460805860806,0.6,0,
2023-11-14,12:58:08,46688.5184456680,1.951159951159951,-5.036671062271062,0.6,0,
2023-11-14,12:58:08,46688.5194441000,1.982905982905983,-5.063794871794872,0.6,0,
2023-11-14,12:58:08,46688.5204426350,2.002442002442002,-5.080486446886447,0.6,0,
2023-11-14,12:58:08,46688.5214413790,2.019536019536019,-5.095091575091575,0.6,0,
2023-11-14,12:58:08,46688.5224573100,2.021978021978022,-5.097178021978022,0.6,0,
2023-11-14,12:58:08,46688.5234512100,2.012210012210012,-5.088832234432235,0.6,0,
2023-11-14,12:58:08,46688.5244462560,1.995115995115995,-5.074227106227107,0.6,0,
2023-11-14,12:58:08,46688.5254397400,1.975579975579976,-5.057535531135532,0.6,0,
2023-11-14,12:58:08,46688.5264341600,1.948717948717949,-5.034584615384616,0.6,0,
2023-11-14,12:58:08,46688.5274461330,1.929181929181929,-5.017893040293041,0.6,0,
2023-11-14,12:58:08,46688.5284487310,1.902319902319902,-4.994942124542124,0.6,0,
2023-11-14,12:58:08,46688.5294407040,1.892551892551892,-4.986596336996337,0.6,0,
2023-11-14,12:58:08,46688.5304385630,1.89010989010989,-4.984509890109891,0.6,0,
2023-11-14,12:58:08,46688.5314440770,1.892551892551892,-4.986596336996337,0.6,0,
2023-11-14,12:58:08,46688.5324432900,1.907203907203907,-4.999115018315019,0.6,0,
2023-11-14,12:58:08,46688.5334435960,1.924297924297924,-5.013720146520146,0.6,0,
2023-11-14,12:58:08,46688.5344394230,1.941391941391941,-5.028325274725275,0.6,0,
2023-11-14,12:58:08,46688.5354315000,1.958485958485958,-5.042930402930403,0.6,0,
2023-11-14,12:58:08,46688.5364312860,1.978021978021978,-5.059621978021978,0.6,0,
2023-11-14,12:58:08,46688.5374312800,1.987789987789988,-5.067967765567766,0.6,0,
2023-11-14,12:58:08,46688.5384313250,1.987789987789988,-5.067967765567766,0.6,0,
2023-11-14,12:58:08,46688.5394314230,1.985347985347985,-5.065881318681319,0.6,0,
2023-11-14,12:58:08,46688.5404315210,1.980463980463981,-5.061708424908425,0.6,0,
2023-11-14,12:58:08,46688.5414312030,1.960927960927961,-5.04501684981685,0.6,0,
2023-11-14,12:58:08,46688.5424313010,1.948717948717949,-5.034584615384616,0.6,0,
2023-11-14,12:58:08,46688.5434315030,1.936507936507937,-5.024152380952382,0.6,0,
2023-11-14,12:58:08,46688.5444312360,1.924297924297924,-5.013720146520146,0.6,0,
2023-11-14,12:58:08,46688.5454312300,1.912087912087912,-5.003287912087912,0.6,0,
2023-11-14,12:58:08,46688.5464311720,1.912087912087912,-5.003287912087912,0.6,0,
2023-11-14,12:58:08,46688.5474310610,1.912087912087912,-5.003287912087912,0.6,0,
2023-11-14,12:58:08,46688.5484311070,1.916971916971917,-5.007460805860806,0.6,0,
2023-11-14,12:58:08,46688.5494312570,1.929181929181929,-5.017893040293041,0.6,0,
2023-11-14,12:58:08,46688.5504314070,1.941391941391941,-5.028325274725275,0.6,0,
2023-11-14,12:58:08,46688.5514314010,1.948717948717949,-5.034584615384616,0.6,0,
2023-11-14,12:58:08,46688.5524313430,1.963369963369963,-5.047103296703296,0.6,0,
2023-11-14,12:58:08,46688.5534313880,1.965811965811966,-5.049189743589744,0.6,0,
2023-11-14,12:58:08,46688.5544313300,1.970695970695971,-5.053362637362637,0.6,0,
2023-11-14,12:58:08,46688.5554312720,1.970695970695971,-5.053362637362637,0.6,0,
2023-11-14,12:58:08,46688.5564313180,1.963369963369963,-5.047103296703296,0.6,0,
2023-11-14,12:58:08,46688.5574312590,1.958485958485958,-5.042930402930403,0.6,0,
2023-11-14,12:58:08,46688.5584312530,1.943833943833944,-5.030411721611722,0.6,0,
2023-11-14,12:58:08,46688.5594311950,1.938949938949939,-5.026238827838828,0.6,0,
2023-11-14,12:58:08,46688.5604316050,1.931623931623932,-5.019979487179487,0.6,0,
2023-11-14,12:58:08,46688.5614313910,1.924297924297924,-5.013720146520146,0.6,0,
2023-11-14,12:58:08,46688.5624311760,1.924297924297924,-5.013720146520146,0.6,0,
2023-11-14,12:58:08,46688.5634313260,1.924297924297924,-5.013720146520146,0.6,0,
2023-11-14,12:58:08,46688.5644313720,1.926739926739927,-5.015806593406594,0.6,0,
2023-11-14,12:58:08,46688.5654313140,1.931623931623932,-5.019979487179487,0.6,0,
2023-11-14,12:58:08,46688.5664313600,1.941391941391941,-5.028325274725275,0.6,0,
2023-11-14,12:58:08,46688.5674311970,1.946275946275946,-5.032498168498169,0.6,0,
2023-11-14,12:58:08,46688.5684311390,1.953601953601954,-5.038757509157509,0.6,0,
2023-11-14,12:58:08,46688.5694310810,1.958485958485958,-5.042930402930403,0.6,0,
2023-11-14,12:58:08,46688.5704313870,1.958485958485958,-5.042930402930403,0.6,0,
2023-11-14,12:58:08,46688.5714311200,1.960927960927961,-5.04501684981685,0.6,0,
2023-11-14,12:58:08,46688.5724312180,1.956043956043956,-5.040843956043956,0.6,0,
2023-11-14,12:58:08,46688.5734313680,1.951159951159951,-5.036671062271062,0.6,0,
2023-11-14,12:58:08,46688.5744312580,1.943833943833944,-5.030411721611722,0.6,0,
2023-11-14,12:58:08,46688.5754312000,1.938949938949939,-5.026238827838828,0.6,0,
2023-11-14,12:58:08,46688.5764312450,1.929181929181929,-5.017893040293041,0.6,0,
2023-11-14,12:58:08,46688.5774311870,1.929181929181929,-5.017893040293041,0.6,0,
2023-11-14,12:58:08,46688.5784311810,1.929181929181929,-5.017893040293041,0.6,0,
2023-11-14,12:58:08,46688.5794312790,1.924297924297924,-5.013720146520146,0.6,0,
2023-11-14,12:58:08,46688.5804315330,1.934065934065934,-5.022065934065934,0.6,0,
2023-11-14,12:58:08,46688.5814312140,1.936507936507937,-5.024152380952382,0.6,0,
2023-11-14,12:58:08,46688.5824314690,1.941391941391941,-5.028325274725275,0.6,0,
2023-11-14,12:58:08,46688.5834313060,1.948717948717949,-5.034584615384616,0.6,0,
2023-11-14,12:58:08,46688.5844314040,1.948717948717949,-5.034584615384616,0.6,0,
2023-11-14,12:58:08,46688.5854314500,1.951159951159951,-5.036671062271062,0.6,0,
2023-11-14,12:58:08,46688.5864312350,1.953601953601954,-5.038757509157509,0.4,0,
2023-11-14,12:58:08,46688.5874313330,1.956043956043956,-5.040843956043956,0.4,0,
2023-11-14,12:58:08,46688.5884311190,1.948717948717949,-5.034584615384616,0.4,0,
2023-11-14,12:58:08,46688.5894311130,1.953601953601954,-5.038757509157509,0.4,0,
2023-11-14,12:58:08,46688.5904314710,1.982905982905983,-5.063794871794872,0.4,0,
2023-11-14,12:58:08,46688.5914312040,2.034188034188034,-5.107610256410257,0.4,0,
2023-11-14,12:58:08,46688.5924313540,2.105006105006105,-5.168117216117216,0.4,0,
2023-11-14,12:58:08,46688.5934314000,2.180708180708181,-5.232797069597069,0.4,0,
2023-11-14,12:58:08,46688.5944314460,2.256410256410256,-5.297476923076923,0.4,0,
2023-11-14,12:58:08,46688.5954311270,2.312576312576313,-5.345465201465202,0.4,0,
2023-11-14,12:58:08,46688.5964314340,2.351648351648352,-5.378848351648352,0.4,0,
2023-11-14,12:58:08,46688.5974313230,2.371184371184371,-5.395539926739927,0.4,0,
2023-11-14,12:58:08,46688.5984312130,2.361416361416361,-5.38719413919414,0.4,0,
2023-11-14,12:58:08,46688.5994311020,2.32967032967033,-5.36007032967033,0.4,0,
2023-11-14,12:58:08,46688.6004314610,2.280830280830281,-5.318341391941392,0.4,0,
2023-11-14,12:58:08,46688.6014311420,2.227106227106227,-5.272439560439561,0.4,0,
2023-11-14,12:58:08,46688.6024313440,2.170940170940171,-5.224451282051282,0.4,0,
2023-11-14,12:58:08,46688.6034313380,2.11965811965812,-5.180635897435898,0.4,0,
2023-11-14,12:58:08,46688.6044311750,2.085470085470086,-5.151425641025641,0.4,0,
2023-11-14,12:58:08,46688.6054313780,2.065934065934066,-5.134734065934066,0.4,0,
2023-11-14,12:58:08,46688.6064312670,2.065934065934066,-5.134734065934066,0.4,0,
2023-11-14,12:58:08,46688.6074313130,2.083028083028083,-5.149339194139195,0.4,0,
2023-11-14,12:58:08,46688.6084313070,2.114774114774115,-5.176463003663004,0.4,0,
2023-11-14,12:58:08,46688.6094311960,2.161172161172161,-5.216105494505495,0.4,0,
2023-11-14,12:58:08,46688.6104331170,2.205128205128205,-5.253661538461539,0.4,0,
2023-11-14,12:58:08,46688.6114311840,2.241758241758242,-5.284958241758242,0.4,0,
2023-11-14,12:58:08,46688.6124311260,2.278388278388278,-5.316254945054945,0.4,0,
2023-11-14,12:58:08,46688.6134311720,2.3003663003663,-5.335032967032967,0.4,0,
2023-11-14,12:58:08,46688.6144312170,2.307692307692307,-5.341292307692308,0.4,0,
2023-11-14,12:58:08,46688.6154314200,2.302808302808303,-5.337119413919414,0.4,0,
2023-11-14,12:58:08,46688.6164311530,2.273504273504273,-5.312082051282052,0.4,0,
2023-11-14,12:58:08,46688.6174312510,2.239316239316239,-5.282871794871795,0.4,0,
2023-11-14,12:58:08,46688.6184312970,2.212454212454213,-5.259920879120879,0.4,0,
2023-11-14,12:58:08,46688.6194314470,2.178266178266178,-5.230710622710623,0.4,0,
2023-11-14,12:58:08,46688.6204334200,2.146520146520146,-5.203586813186813,0.4,0,
2023-11-14,12:58:08,46688.6214312780,2.129426129426129,-5.188981684981686,0.4,0,
2023-11-14,12:58:08,46688.6224313760,2.124542124542125,-5.184808791208791,0.4,0,
2023-11-14,12:58:08,46688.6234314740,2.126984126984127,-5.186895238095238,0.4,0,
2023-11-14,12:58:08,46688.6244312590,2.141636141636142,-5.19941391941392,0.4,0,
2023-11-14,12:58:08,46688.6254314100,2.163614163614163,-5.218191941391941,0.4,0,
2023-11-14,12:58:08,46688.6264312990,2.190476190476191,-5.241142857142858,0.4,0,
2023-11-14,12:58:08,46688.6274313450,2.217338217338217,-5.264093772893773,0.4,0,
2023-11-14,12:58:08,46688.6284313910,2.239316239316239,-5.282871794871795,0.4,0,
2023-11-14,12:58:08,46688.6294312800,2.258852258852259,-5.29956336996337,0.4,0,
2023-11-14,12:58:08,46688.6304333580,2.268620268620269,-5.307909157509158,0.4,0,
2023-11-14,12:58:08,46688.6314311120,2.266178266178266,-5.305822710622711,0.4,0,
2023-11-14,12:58:08,46688.6324310010,2.256410256410256,-5.297476923076923,0.4,0,
2023-11-14,12:58:08,46688.6334310990,2.239316239316239,-5.282871794871795,0.4,0,
2023-11-14,12:58:08,46688.6344310930,2.21978021978022,-5.26618021978022,0.4,0,
2023-11-14,12:58:08,46688.6354312950,2.2002442002442,-5.249488644688645,0.4,0,
2023-11-14,12:58:08,46688.6364312370,2.178266178266178,-5.230710622710623,0.4,0,
2023-11-14,12:58:08,46688.6374312310,2.168498168498168,-5.222364835164836,0.4,0,
2023-11-14,12:58:08,46688.6384311720,2.156288156288156,-5.211932600732601,0.4,0,
2023-11-14,12:58:08,46688.6394312700,2.158730158730159,-5.214019047619048,0.4,0,
2023-11-14,12:58:08,46688.6404330870,2.161172161172161,-5.216105494505495,0.4,0,
2023-11-14,12:58:08,46688.6414312060,2.175824175824176,-5.228624175824176,0.4,0,
2023-11-14,12:58:08,46688.6424310950,2.190476190476191,-5.241142857142858,0.4,0,
2023-11-14,12:58:08,46688.6434312460,2.207570207570208,-5.255747985347986,0.4,0,
2023-11-14,12:58:08,46688.6444312390,2.222222222222222,-5.268266666666667,0.4,0,
2023-11-14,12:58:08,46688.6454311290,2.234432234432234,-5.278698901098902,0.4,0,
2023-11-14,12:58:08,46688.6464312270,2.239316239316239,-5.282871794871795,0.4,0,
2023-11-14,12:58:08,46688.6474312730,2.246642246642247,-5.289131135531136,0.4,0,
2023-11-14,12:58:08,46688.6484312670,2.239316239316239,-5.282871794871795,0.4,0,
2023-11-14,12:58:08,46688.6494313120,2.234432234432234,-5.278698901098902,0.4,0,
2023-11-14,12:58:08,46688.6504332850,2.21978021978022,-5.26618021978022,0.4,0,
2023-11-14,12:58:08,46688.6514313000,2.207570207570208,-5.255747985347986,0.4,0,
2023-11-14,12:58:08,46688.6524310330,2.192918192918193,-5.243229304029304,0.4,0,
2023-11-14,12:58:08,46688.6534310790,2.183150183150183,-5.234883516483516,0.4,0,
2023-11-14,12:58:08,46688.6544312290,2.178266178266178,-5.230710622710623,0.4,0,
2023-11-14,12:58:08,46688.6554311710,2.178266178266178,-5.230710622710623,0.4,0,
2023-11-14,12:58:08,46688.6564312170,2.180708180708181,-5.232797069597069,0.4,0,
2023-11-14,12:58:08,46688.6574313150,2.185592185592185,-5.236969963369964,0.4,0,
2023-11-14,12:58:08,46688.6584312040,2.195360195360196,-5.245315750915752,0.4,0,
2023-11-14,12:58:08,46688.6594311460,2.21001221001221,-5.257834432234432,0.4,0,
2023-11-14,12:58:08,46688.6604330670,2.212454212454213,-5.259920879120879,0.4,0,
2023-11-14,12:58:08,46688.6614312900,2.224664224664225,-5.270353113553114,0.4,0,
2023-11-14,12:58:08,46688.6624312320,2.227106227106227,-5.272439560439561,0.4,0,
2023-11-14,12:58:08,46688.6634313820,2.22954822954823,-5.274526007326008,0.4,0,
2023-11-14,12:58:08,46688.6644313230,2.231990231990232,-5.276612454212454,0.4,0,
2023-11-14,12:58:08,46688.6654313690,2.227106227106227,-5.272439560439561,0.4,0,
2023-11-14,12:58:08,46688.6664313630,2.217338217338217,-5.264093772893773,0.4,0,
2023-11-14,12:58:08,46688.6674312530,2.212454212454213,-5.259920879120879,0.4,0,
2023-11-14,12:58:08,46688.6684311940,2.2002442002442,-5.249488644688645,0.4,0,
2023-11-14,12:58:08,46688.6694312400,2.195360195360196,-5.245315750915752,0.4,0,
2023-11-14,12:58:08,46688.6704331090,2.188034188034188,-5.239056410256411,0.4,0,
2023-11-14,12:58:08,46688.6714312800,2.188034188034188,-5.239056410256411,0.4,0,
2023-11-14,12:58:08,46688.6724313260,2.188034188034188,-5.239056410256411,0.4,0,
2023-11-14,12:58:08,46688.6734314240,2.192918192918193,-5.243229304029304,0.4,0,
2023-11-14,12:58:08,46688.6744313130,2.202686202686203,-5.251575091575092,0.4,0,
2023-11-14,12:58:08,46688.6754310990,2.207570207570208,-5.255747985347986,0.4,0,
2023-11-14,12:58:08,46688.6764310400,2.214896214896215,-5.262007326007327,0.4,0,
2023-11-14,12:58:08,46688.6774311380,2.21978021978022,-5.26618021978022,0.4,0,
2023-11-14,12:58:08,46688.6784314450,2.21978021978022,-5.26618021978022,0.4,0,
2023-11-14,12:58:08,46688.6794312820,2.227106227106227,-5.272439560439561,0.4,0,
2023-11-14,12:58:08,46688.6804330990,2.224664224664225,-5.270353113553114,0.4,0,
2023-11-14,12:58:08,46688.6814313220,2.222222222222222,-5.268266666666667,0.4,0,
2023-11-14,12:58:08,46688.6824314200,2.217338217338217,-5.264093772893773,0.4,0,
2023-11-14,12:58:08,46688.6834312050,2.214896214896215,-5.262007326007327,0.4,0,
2023-11-14,12:58:08,46688.6844313550,2.202686202686203,-5.251575091575092,0.4,0,
2023-11-14,12:58:08,46688.6854313490,2.205128205128205,-5.253661538461539,0.4,0,
2023-11-14,12:58:08,46688.6864312910,2.195360195360196,-5.245315750915752,0.6,0,
2023-11-14,12:58:08,46688.6874313370,2.195360195360196,-5.245315750915752,0.6,0,
2023-11-14,12:58:08,46688.6884312260,2.195360195360196,-5.245315750915752,0.6,0,
2023-11-14,12:58:08,46688.6894312720,2.190476190476191,-5.241142857142858,0.6,0,
2023-11-14,12:58:08,46688.6904333490,2.163614163614163,-5.218191941391941,0.6,0,
2023-11-14,12:58:08,46688.6914312070,2.10989010989011,-5.17229010989011,0.6,0,
2023-11-14,12:58:08,46688.6924313050,2.043956043956044,-5.115956043956044,0.6,0,
2023-11-14,12:58:08,46688.6934312470,1.973137973137973,-5.055449084249084,0.6,0,
2023-11-14,12:58:08,46688.6944314490,1.897435897435897,-4.990769230769231,0.6,0,
2023-11-14,12:58:08,46688.6954311830,1.838827838827839,-4.940694505494506,0.6,0,
2023-11-14,12:58:08,46688.6964311760,1.7997557997558,-4.907311355311355,0.6,0,
2023-11-14,12:58:08,46688.6974310140,1.787545787545788,-4.896879120879121,0.6,0,
2023-11-14,12:58:08,46688.6984311120,1.797313797313797,-4.905224908424909,0.6,0,
2023-11-14,12:58:08,46688.6994310020,1.824175824175824,-4.928175824175824,0.6,0,
2023-11-14,12:58:08,46688.7004332870,1.88034188034188,-4.976164102564103,0.6,0,
2023-11-14,12:58:08,46688.7014311970,1.931623931623932,-5.019979487179487,0.6,0,
2023-11-14,12:58:08,46688.7024313470,1.985347985347985,-5.065881318681319,0.6,0,
2023-11-14,12:58:08,46688.7034313410,2.029304029304029,-5.103437362637363,0.6,0,
2023-11-14,12:58:08,46688.7044310750,2.063492063492064,-5.13264761904762,0.6,0,
2023-11-14,12:58:08,46688.7054313290,2.075702075702076,-5.143079853479854,0.6,0,
2023-11-14,12:58:08,46688.7064312700,2.073260073260073,-5.140993406593407,0.6,0,
2023-11-14,12:58:08,46688.7074312120,2.051282051282051,-5.122215384615385,0.6,0,
2023-11-14,12:58:08,46688.7084311540,2.019536019536019,-5.095091575091575,0.6,0,
2023-11-14,12:58:08,46688.7094311480,1.980463980463981,-5.061708424908425,0.6,0,
2023-11-14,12:58:08,46688.7104333810,1.936507936507937,-5.024152380952382,0.6,0,
2023-11-14,12:58:08,46688.7114311870,1.8998778998779,-4.992855677655678,0.6,0,
2023-11-14,12:58:08,46688.7124312330,1.870573870573871,-4.967818315018315,0.6,0,
2023-11-14,12:58:08,46688.7134311230,1.853479853479854,-4.953213186813187,0.6,0,
2023-11-14,12:58:08,46688.7144311690,1.851037851037851,-4.951126739926741,0.6,0,
2023-11-14,12:58:08,46688.7154311620,1.860805860805861,-4.959472527472528,0.6,0,
2023-11-14,12:58:08,46688.7164310520,1.887667887667888,-4.982423443223444,0.6,0,
2023-11-14,12:58:08,46688.7174313580,1.916971916971917,-5.007460805860806,0.6,0,
2023-11-14,12:58:08,46688.7184311440,1.948717948717949,-5.034584615384616,0.6,0,
2023-11-14,12:58:08,46688.7194311380,1.978021978021978,-5.059621978021978,0.6,0,
2023-11-14,12:58:08,46688.7204329020,2.002442002442002,-5.080486446886447,0.6,0,
2023-11-14,12:58:08,46688.7214311250,2.019536019536019,-5.095091575091575,0.6,0,
2023-11-14,12:58:08,46688.7224312750,2.019536019536019,-5.095091575091575,0.6,0,
2023-11-14,12:58:08,46688.7234313730,2.00976800976801,-5.086745787545787,0.6,0,
2023-11-14,12:58:08,46688.7244313670,1.995115995115995,-5.074227106227107,0.6,0,
2023-11-14,12:58:08,46688.7254313090,1.973137973137973,-5.055449084249084,0.6,0,
2023-11-14,12:58:08,46688.7264314070,1.948717948717949,-5.034584615384616,0.6,0,
2023-11-14,12:58:08,46688.7274312960,1.926739926739927,-5.015806593406594,0.6,0,
2023-11-14,12:58:08,46688.7284312380,1.904761904761905,-4.997028571428571,0.6,0,
2023-11-14,12:58:08,46688.7294313880,1.892551892551892,-4.986596336996337,0.6,0,
2023-11-14,12:58:08,46688.7304329960,1.887667887667888,-4.982423443223444,0.6,0,
2023-11-14,12:58:08,46688.7314309590,1.89010989010989,-4.984509890109891,0.6,0,
2023-11-14,12:58:08,46688.7324309010,1.8998778998779,-4.992855677655678,0.6,0,
2023-11-14,12:58:08,46688.7334309980,1.924297924297924,-5.013720146520146,0.6,0,
2023-11-14,12:58:08,46688.7344310960,1.941391941391941,-5.028325274725275,0.6,0,
2023-11-14,12:58:08,46688.7354310380,1.958485958485958,-5.042930402930403,0.6,0,
2023-11-14,12:58:08,46688.7364309280,1.975579975579976,-5.057535531135532,0.6,0,
2023-11-14,12:58:08,46688.7374310260,1.985347985347985,-5.065881318681319,0.6,0,
2023-11-14,12:58:08,46688.7384311240,1.987789987789988,-5.067967765567766,0.6,0,
2023-11-14,12:58:08,46688.7394311170,1.987789987789988,-5.067967765567766,0.6,0,
2023-11-14,12:58:08,46688.7404330380,1.975579975579976,-5.057535531135532,0.6,0,
2023-11-14,12:58:08,46688.7414311570,1.960927960927961,-5.04501684981685,0.6,0,
2023-11-14,12:58:08,46688.7424312550,1.951159951159951,-5.036671062271062,0.6,0,
2023-11-14,12:58:08,46688.7434313010,1.934065934065934,-5.022065934065934,0.6,0,
2023-11-14,12:58:08,46688.7444313990,1.919413919413919,-5.009547252747253,0.6,0,
2023-11-14,12:58:08,46688.7454313410,1.912087912087912,-5.003287912087912,0.6,0,
2023-11-14,12:58:08,46688.7464311780,1.90964590964591,-5.001201465201466,0.6,0,
2023-11-14,12:58:08,46688.7474312240,1.912087912087912,-5.003287912087912,0.6,0,
2023-11-14,12:58:08,46688.7484312180,1.916971916971917,-5.007460805860806,0.6,0,
2023-11-14,12:58:08,46688.7494312640,1.929181929181929,-5.017893040293041,0.6,0,
2023-11-14,12:58:08,46688.7504332890,1.938949938949939,-5.026238827838828,0.6,0,
2023-11-14,12:58:08,46688.7514313030,1.948717948717949,-5.034584615384616,0.6,0,
2023-11-14,12:58:08,46688.7524312970,1.958485958485958,-5.042930402930403,0.6,0,
2023-11-14,12:58:08,46688.7534314470,1.965811965811966,-5.049189743589744,0.6,0,
2023-11-14,12:58:08,46688.7544312850,1.965811965811966,-5.049189743589744,0.6,0,
2023-11-14,12:58:08,46688.7554313300,1.970695970695971,-5.053362637362637,0.6,0,
2023-11-14,12:58:08,46688.7564311680,1.963369963369963,-5.047103296703296,0.6,0,
2023-11-14,12:58:08,46688.7574313700,1.956043956043956,-5.040843956043956,0.6,0,
2023-11-14,12:58:08,46688.7584314160,1.946275946275946,-5.032498168498169,0.6,0,
2023-11-14,12:58:08,46688.7594313060,1.936507936507937,-5.024152380952382,0.6,0,
2023-11-14,12:58:08,46688.7604316120,1.929181929181929,-5.017893040293041,0.6,0,
2023-11-14,12:58:08,46688.7614315540,1.929181929181929,-5.017893040293041,0.6,0,
2023-11-14,12:58:08,46688.7624311830,1.916971916971917,-5.007460805860806,0.6,0,
2023-11-14,12:58:08,46688.7634320620,1.919413919413919,-5.009547252747253,0.6,0,
2023-11-14,12:58:08,46688.7644314310,1.926739926739927,-5.015806593406594,0.6,0,
2023-11-14,12:58:08,46688.7654314770,1.934065934065934,-5.022065934065934,0.6,0,
2023-11-14,12:58:08,46688.7664313660,1.941391941391941,-5.028325274725275,0.6,0,
2023-11-14,12:58:08,46688.7674315160,1.946275946275946,-5.032498168498169,0.6,0,
2023-11-14,12:58:08,46688.7684314580,1.951159951159951,-5.036671062271062,0.6,0,
2023-11-14,12:58:08,46688.7694315040,1.958485958485958,-5.042930402930403,0.6,0,
2023-11-14,12:58:08,46688.7704321230,1.958485958485958,-5.042930402930403,0.6,0,
2023-11-14,12:58:08,46688.7714319080,1.956043956043956,-5.040843956043956,0.6,0,
2023-11-14,12:58:08,46688.7724315890,1.953601953601954,-5.038757509157509,0.6,0,
2023-11-14,12:58:08,46688.7734312190,1.948717948717949,-5.034584615384616,0.6,0,
2023-11-14,12:58:08,46688.7744314730,1.943833943833944,-5.030411721611722,0.6,0,
2023-11-14,12:58:08,46688.7754314140,1.936507936507937,-5.024152380952382,0.6,0,
2023-11-14,12:58:08,46688.7764313040,1.931623931623932,-5.019979487179487,0.6,0,
2023-11-14,12:58:08,46688.7774312980,1.929181929181929,-5.017893040293041,0.6,0,
2023-11-14,12:58:08,46688.7784312920,1.926739926739927,-5.015806593406594,0.6,0,
2023-11-14,12:58:08,46688.7794312850,1.929181929181929,-5.017893040293041,0.6,0,
2023-11-14,12:58:08,46688.7804315400,1.931623931623932,-5.019979487179487,0.6,0,
2023-11-14,12:58:08,46688.7814313770,1.934065934065934,-5.022065934065934,0.6,0,
2023-11-14,12:58:08,46688.7824313710,1.938949938949939,-5.026238827838828,0.6,0,
2023-11-14,12:58:08,46688.7834311040,1.943833943833944,-5.030411721611722,0.6,0,
2023-11-14,12:58:08,46688.7844310460,1.948717948717949,-5.034584615384616,0.6,0,
2023-11-14,12:58:08,46688.7854311960,1.951159951159951,-5.036671062271062,0.6,0,
2023-11-14,12:58:08,46688.7864314500,1.953601953601954,-5.038757509157509,0.4,0,
2023-11-14,12:58:08,46688.7874313400,1.951159951159951,-5.036671062271062,0.4,0,
2023-11-14,12:58:08,46688.7884312290,1.951159951159951,-5.036671062271062,0.4,0,
2023-11-14,12:58:08,46688.7894312750,1.951159951159951,-5.036671062271062,0.4,0,
2023-11-14,12:58:08,46688.7904335610,1.985347985347985,-5.065881318681319,0.4,0,
2023-11-14,12:58:08,46688.7914312630,2.034188034188034,-5.107610256410257,0.4,0,
2023-11-14,12:58:08,46688.7924313090,2.102564102564103,-5.16603076923077,0.4,0,
2023-11-14,12:58:08,46688.7934311980,2.178266178266178,-5.230710622710623,0.4,0,
2023-11-14,12:58:08,46688.7944313480,2.251526251526252,-5.293304029304029,0.4,0,
2023-11-14,12:58:08,46688.7954312380,2.312576312576313,-5.345465201465202,0.4,0,
2023-11-14,12:58:08,46688.7964312320,2.354090354090354,-5.380934798534799,0.4,0,
2023-11-14,12:58:08,46688.7974312780,2.371184371184371,-5.395539926739927,0.4,0,
2023-11-14,12:58:08,46688.7984313760,2.361416361416361,-5.38719413919414,0.4,0,
2023-11-14,12:58:08,46688.7994313170,2.334554334554335,-5.364243223443224,0.4,0,
2023-11-14,12:58:08,46688.8004332900,2.288156288156288,-5.324600732600732,0.4,0,
2023-11-14,12:58:08,46688.8014313570,2.231990231990232,-5.276612454212454,0.4,0,
2023-11-14,12:58:08,46688.8024313510,2.173382173382173,-5.226537728937729,0.4,0,
2023-11-14,12:58:08,46688.8034311360,2.122100122100122,-5.182722344322345,0.4,0,
2023-11-14,12:58:08,46688.8044311300,2.085470085470086,-5.151425641025641,0.4,0,
2023-11-14,12:58:08,46688.8054310200,2.065934065934066,-5.134734065934066,0.4,0,
2023-11-14,12:58:08,46688.8064312740,2.065934065934066,-5.134734065934066,0.4,0,
2023-11-14,12:58:08,46688.8074311630,2.083028083028083,-5.149339194139195,0.4,0,
2023-11-14,12:58:08,46688.8084312610,2.114774114774115,-5.176463003663004,0.4,0,
2023-11-14,12:58:08,46688.8094313590,2.158730158730159,-5.214019047619048,0.4,0,
2023-11-14,12:58:08,46688.8104314570,2.205128205128205,-5.253661538461539,0.4,0,
2023-11-14,12:58:08,46688.8114315550,2.246642246642247,-5.289131135531136,0.4,0,
2023-11-14,12:58:08,46688.8124314970,2.278388278388278,-5.316254945054945,0.4,0,
2023-11-14,12:58:08,46688.8134312300,2.3003663003663,-5.335032967032967,0.4,0,
2023-11-14,12:58:08,46688.8144313800,2.305250305250305,-5.339205860805861,0.4,0,
2023-11-14,12:58:08,46688.8154313740,2.295482295482295,-5.330860073260073,0.4,0,
2023-11-14,12:58:08,46688.8164313160,2.271062271062271,-5.309995604395604,0.4,0,
2023-11-14,12:58:08,46688.8174313620,2.241758241758242,-5.284958241758242,0.4,0,
2023-11-14,12:58:08,46688.8184311990,2.207570207570208,-5.255747985347986,0.4,0,
2023-11-14,12:58:08,46688.8194312450,2.175824175824176,-5.228624175824176,0.4,0,
2023-11-14,12:58:08,46688.8204315510,2.146520146520146,-5.203586813186813,0.4,0,
2023-11-14,12:58:08,46688.8214313890,2.131868131868132,-5.191068131868132,0.4,0,
2023-11-14,12:58:08,46688.8224312780,2.122100122100122,-5.182722344322345,0.4,0,
2023-11-14,12:58:08,46688.8234315330,2.126984126984127,-5.186895238095238,0.4,0,
2023-11-14,12:58:08,46688.8244313700,2.136752136752137,-5.195241025641026,0.4,0,
2023-11-14,12:58:08,46688.8254312600,2.158730158730159,-5.214019047619048,0.4,0,
2023-11-14,12:58:08,46688.8264310450,2.185592185592185,-5.236969963369964,0.4,0,
2023-11-14,12:58:08,46688.8274311950,2.214896214896215,-5.262007326007327,0.4,0,
2023-11-14,12:58:08,46688.8284311370,2.234432234432234,-5.278698901098902,0.4,0,
2023-11-14,12:58:08,46688.8294311830,2.253968253968254,-5.295390476190477,0.4,0,
2023-11-14,12:58:08,46688.8304332080,2.263736263736264,-5.303736263736264,0.4,0,
2023-11-14,12:58:08,46688.8314314310,2.266178266178266,-5.305822710622711,0.4,0,
2023-11-14,12:58:08,46688.8324312160,2.258852258852259,-5.29956336996337,0.4,0,
2023-11-14,12:58:08,46688.8334313660,2.236874236874237,-5.280785347985349,0.4,0,
2023-11-14,12:58:08,46688.8344313080,2.222222222222222,-5.268266666666667,0.4,0,
2023-11-14,12:58:08,46688.8354313020,2.2002442002442,-5.249488644688645,0.4,0,
2023-11-14,12:58:08,46688.8364312430,2.175824175824176,-5.228624175824176,0.4,0,
2023-11-14,12:58:08,46688.8374314460,2.163614163614163,-5.218191941391941,0.4,0,
2023-11-14,12:58:08,46688.8384312830,2.153846153846154,-5.209846153846154,0.4,0,
2023-11-14,12:58:08,46688.8394314330,2.156288156288156,-5.211932600732601,0.4,0,
2023-11-14,12:58:08,46688.8404332500,2.161172161172161,-5.216105494505495,0.4,0,
2023-11-14,12:58:08,46688.8414313170,2.173382173382173,-5.226537728937729,0.4,0,
2023-11-14,12:58:08,46688.8424312060,2.190476190476191,-5.241142857142858,0.4,0,
2023-11-14,12:58:08,46688.8434312000,2.207570207570208,-5.255747985347986,0.4,0,
2023-11-14,12:58:08,46688.8444312460,2.21978021978022,-5.26618021978022,0.4,0,
2023-11-14,12:58:08,46688.8454313440,2.22954822954823,-5.274526007326008,0.4,0,
2023-11-14,12:58:08,46688.8464312850,2.239316239316239,-5.282871794871795,0.4,0,
2023-11-14,12:58:08,46688.8474309150,2.246642246642247,-5.289131135531136,0.4,0,
2023-11-14,12:58:08,46688.8484312730,2.239316239316239,-5.282871794871795,0.4,0,
2023-11-14,12:58:08,46688.8494312670,2.234432234432234,-5.278698901098902,0.4,0,
2023-11-14,12:58:08,46688.8504330310,2.222222222222222,-5.268266666666667,0.4,0,
2023-11-14,12:58:08,46688.8514313060,2.207570207570208,-5.255747985347986,0.4,0,
2023-11-14,12:58:08,46688.8524311440,2.195360195360196,-5.245315750915752,0.4,0,
2023-11-14,12:58:08,46688.8534312940,2.183150183150183,-5.234883516483516,0.4,0,
2023-11-14,12:58:08,46688.8544314440,2.180708180708181,-5.232797069597069,0.4,0,
2023-11-14,12:58:08,46688.8554313860,2.175824175824176,-5.228624175824176,0.4,0,
2023-11-14,12:58:08,46688.8564312230,2.178266178266178,-5.230710622710623,0.4,0,
2023-11-14,12:58:08,46688.8574313210,2.183150183150183,-5.234883516483516,0.4,0,
2023-11-14,12:58:08,46688.8584312630,2.195360195360196,-5.245315750915752,0.4,0,
2023-11-14,12:58:08,46688.8594314130,2.205128205128205,-5.253661538461539,0.4,0,
2023-11-14,12:58:08,46688.8604330730,2.214896214896215,-5.262007326007327,0.4,0,
2023-11-14,12:58:08,46688.8614314010,2.222222222222222,-5.268266666666667,0.4,0,
2023-11-14,12:58:08,46688.8624311340,2.22954822954823,-5.274526007326008,0.4,0,
2023-11-14,12:58:08,46688.8634313360,2.231990231990232,-5.276612454212454,0.4,0,
2023-11-14,12:58:08,46688.8644313300,2.22954822954823,-5.274526007326008,0.4,0,
2023-11-14,12:58:08,46688.8654313760,2.227106227106227,-5.272439560439561,0.4,0,
2023-11-14,12:58:08,46688.8664313170,2.21978021978022,-5.26618021978022,0.4,0,
2023-11-14,12:58:08,46688.8674312590,2.207570207570208,-5.255747985347986,0.4,0,
2023-11-14,12:58:08,46688.8684313050,2.205128205128205,-5.253661538461539,0.4,0,
2023-11-14,12:58:08,46688.8694311950,2.195360195360196,-5.245315750915752,0.4,0,
2023-11-14,12:58:08,46688.8704329590,2.185592185592185,-5.236969963369964,0.4,0,
2023-11-14,12:58:08,46688.8714310780,2.188034188034188,-5.239056410256411,0.4,0,
2023-11-14,12:58:08,46688.8724309680,2.190476190476191,-5.241142857142858,0.4,0,
2023-11-14,12:58:08,46688.8734313260,2.190476190476191,-5.241142857142858,0.4,0,
2023-11-14,12:58:08,46688.8744312680,2.2002442002442,-5.249488644688645,0.4,0,
2023-11-14,12:58:08,46688.8754313130,2.207570207570208,-5.255747985347986,0.4,0,
2023-11-14,12:58:08,46688.8764312030,2.212454212454213,-5.259920879120879,0.4,0,
2023-11-14,12:58:08,46688.8774312490,2.222222222222222,-5.268266666666667,0.4,0,
2023-11-14,12:58:08,46688.8784313470,2.224664224664225,-5.270353113553114,0.4,0,
2023-11-14,12:58:08,46688.8794314450,2.227106227106227,-5.272439560439561,0.4,0,
2023-11-14,12:58:08,46688.8804350840,2.224664224664225,-5.270353113553114,0.4,0,
2023-11-14,12:58:08,46688.8814312760,2.222222222222222,-5.268266666666667,0.4,0,
2023-11-14,12:58:08,46688.8824312700,2.214896214896215,-5.262007326007327,0.4,0,
2023-11-14,12:58:08,46688.8834313160,2.212454212454213,-5.259920879120879,0.4,0,
2023-11-14,12:58:08,46688.8844312580,2.205128205128205,-5.253661538461539,0.4,0,
2023-11-14,12:58:08,46688.8854314080,2.202686202686203,-5.251575091575092,0.4,0,
2023-11-14,12:58:08,46688.8864312450,2.2002442002442,-5.249488644688645,0.6,0,
2023-11-14,12:58:08,46688.8874311870,2.195360195360196,-5.245315750915752,0.6,0,
2023-11-14,12:58:08,46688.8884312850,2.192918192918193,-5.243229304029304,0.6,0,
2023-11-14,12:58:08,46688.8894311740,2.190476190476191,-5.241142857142858,0.6,0,
2023-11-14,12:58:08,46688.8904331990,2.161172161172161,-5.216105494505495,0.6,0,
2023-11-14,12:58:08,46688.8914311100,2.112332112332112,-5.174376556776557,0.6,0,
2023-11-14,12:58:08,46688.8924311560,2.046398046398046,-5.118042490842491,0.6,0,
2023-11-14,12:58:08,46688.8934310970,1.970695970695971,-5.053362637362637,0.6,0,
2023-11-14,12:58:08,46688.8944313000,1.8998778998779,-4.992855677655678,0.6,0,
2023-11-14,12:58:08,46688.8954312410,1.841269841269841,-4.942780952380953,0.6,0,
2023-11-14,12:58:08,46688.8964311830,1.802197802197802,-4.909397802197803,0.6,0,
2023-11-14,12:58:08,46688.8974313330,1.782661782661783,-4.892706227106228,0.6,0,
2023-11-14,12:58:08,46688.8984312750,1.797313797313797,-4.905224908424909,0.6,0,
2023-11-14,12:58:08,46688.8994313210,1.829059829059829,-4.932348717948718,0.6,0,
2023-11-14,12:58:08,46688.9004313660,1.875457875457875,-4.971991208791209,0.6,0,
2023-11-14,12:58:08,46688.9014313600,1.931623931623932,-5.019979487179487,0.6,0,
2023-11-14,12:58:08,46688.9024313020,1.985347985347985,-5.065881318681319,0.6,0,
2023-11-14,12:58:08,46688.9034312960,2.029304029304029,-5.103437362637363,0.6,0,
2023-11-14,12:58:08,46688.9044311850,2.063492063492064,-5.13264761904762,0.6,0,
2023-11-14,12:58:08,46688.9054311270,2.080586080586081,-5.147252747252748,0.6,0,
2023-11-14,12:58:08,46688.9064312770,2.075702075702076,-5.143079853479854,0.6,0,
2023-11-14,12:58:08,46688.9074313230,2.053724053724054,-5.124301831501832,0.6,0,
2023-11-14,12:58:08,46688.9084313170,2.021978021978022,-5.097178021978022,0.6,0,
2023-11-14,12:58:08,46688.9094311540,1.982905982905983,-5.063794871794872,0.6,0,
2023-11-14,12:58:08,46688.9104333350,1.936507936507937,-5.024152380952382,0.6,0,
2023-11-14,12:58:08,46688.9114313500,1.897435897435897,-4.990769230769231,0.6,0,
2023-11-14,12:58:08,46688.9124310830,1.868131868131868,-4.965731868131869,0.6,0,
2023-11-14,12:58:08,46688.9134310250,1.853479853479854,-4.953213186813187,0.6,0,
2023-11-14,12:58:08,46688.9144310190,1.855921855921856,-4.955299633699634,0.6,0,
2023-11-14,12:58:08,46688.9154311690,1.863247863247863,-4.961558974358974,0.6,0,
2023-11-14,12:58:08,46688.9164313190,1.89010989010989,-4.984509890109891,0.6,0,
2023-11-14,12:58:08,46688.9174313130,1.916971916971917,-5.007460805860806,0.6,0,
2023-11-14,12:58:08,46688.9184315150,1.951159951159951,-5.036671062271062,0.6,0,
2023-11-14,12:58:08,46688.9194314050,1.980463980463981,-5.061708424908425,0.6,0,
2023-11-14,12:58:08,46688.9204314500,2.007326007326007,-5.084659340659341,0.6,0,
2023-11-14,12:58:08,46688.9214314960,2.021978021978022,-5.097178021978022,0.6,0,
2023-11-14,12:58:08,46688.9224312820,2.021978021978022,-5.097178021978022,0.6,0,
2023-11-14,12:58:08,46688.9234312750,2.012210012210012,-5.088832234432235,0.6,0,
2023-11-14,12:58:08,46688.9244312690,1.995115995115995,-5.074227106227107,0.6,0,
2023-11-14,12:58:08,46688.9254313670,1.978021978021978,-5.059621978021978,0.6,0,
2023-11-14,12:58:08,46688.9264313090,1.948717948717949,-5.034584615384616,0.6,0,
2023-11-14,12:58:08,46688.9274312510,1.919413919413919,-5.009547252747253,0.6,0,
2023-11-14,12:58:08,46688.9284311920,1.904761904761905,-4.997028571428571,0.6,0,
2023-11-14,12:58:08,46688.9294312900,1.897435897435897,-4.990769230769231,0.6,0,
2023-11-14,12:58:08,46688.9304333150,1.89010989010989,-4.984509890109891,0.6,0,
2023-11-14,12:58:08,46688.9314313820,1.892551892551892,-4.986596336996337,0.6,0,
2023-11-14,12:58:08,46688.9324311670,1.907203907203907,-4.999115018315019,0.6,0,
2023-11-14,12:58:08,46688.9334313700,1.924297924297924,-5.013720146520146,0.6,0,
2023-11-14,12:58:08,46688.9344312590,1.941391941391941,-5.028325274725275,0.6,0,
2023-11-14,12:58:08,46688.9354310970,1.958485958485958,-5.042930402930403,0.6,0,
2023-11-14,12:58:08,46688.9364311950,1.975579975579976,-5.057535531135532,0.6,0,
2023-11-14,12:58:08,46688.9374311880,1.987789987789988,-5.067967765567766,0.6,0,
2023-11-14,12:58:08,46688.9384313380,1.99023199023199,-5.070054212454213,0.6,0,
2023-11-14,12:58:08,46688.9394313840,1.99023199023199,-5.070054212454213,0.6,0,
2023-11-14,12:58:08,46688.9404313780,1.980463980463981,-5.061708424908425,0.6,0,
2023-11-14,12:58:08,46688.9414314240,1.963369963369963,-5.047103296703296,0.6,0,
2023-11-14,12:58:08,46688.9424313660,1.948717948717949,-5.034584615384616,0.6,0,
2023-11-14,12:58:08,46688.9434318280,1.936507936507937,-5.024152380952382,0.6,0,
2023-11-14,12:58:08,46688.9444322390,1.924297924297924,-5.013720146520146,0.6,0,
2023-11-14,12:58:08,46688.9454312950,1.914529914529915,-5.005374358974359,0.6,0,
2023-11-14,12:58:08,46688.9464310800,1.90964590964591,-5.001201465201466,0.6,0,
2023-11-14,12:58:08,46688.9474313350,1.914529914529915,-5.005374358974359,0.6,0,
2023-11-14,12:58:08,46688.9484312240,1.919413919413919,-5.009547252747253,0.6,0,
2023-11-14,12:58:08,46688.9494312700,1.926739926739927,-5.015806593406594,0.6,0,
2023-11-14,12:58:08,46688.9504333470,1.938949938949939,-5.026238827838828,0.6,0,
2023-11-14,12:58:08,46688.9514311010,1.951159951159951,-5.036671062271062,0.6,0,
2023-11-14,12:58:08,46688.9524313560,1.963369963369963,-5.047103296703296,0.6,0,
2023-11-14,12:58:08,46688.9534314540,1.965811965811966,-5.049189743589744,0.6,0,
2023-11-14,12:58:08,46688.9544311870,1.973137973137973,-5.055449084249084,0.6,0,
2023-11-14,12:58:08,46688.9554310770,1.970695970695971,-5.053362637362637,0.6,0,
2023-11-14,12:58:08,46688.9564311740,1.965811965811966,-5.049189743589744,0.6,0,
2023-11-14,12:58:08,46688.9574311680,1.956043956043956,-5.040843956043956,0.6,0,
2023-11-14,12:58:08,46688.9584311100,1.943833943833944,-5.030411721611722,0.6,0,
2023-11-14,12:58:08,46688.9594312600,1.938949938949939,-5.026238827838828,0.6,0,
2023-11-14,12:58:08,46688.9604331290,1.931623931623932,-5.019979487179487,0.6,0,
2023-11-14,12:58:08,46688.9614313000,1.924297924297924,-5.013720146520146,0.6,0,
2023-11-14,12:58:08,46688.9624313980,1.924297924297924,-5.013720146520146,0.6,0,
2023-11-14,12:58:08,46688.9634311830,1.924297924297924,-5.013720146520146,0.6,0,
2023-11-14,12:58:08,46688.9644313330,1.924297924297924,-5.013720146520146,0.6,0,
2023-11-14,12:58:08,46688.9654312750,1.934065934065934,-5.022065934065934,0.6,0,
2023-11-14,12:58:08,46688.9664312160,1.941391941391941,-5.028325274725275,0.6,0,
2023-11-14,12:58:08,46688.9674312100,1.946275946275946,-5.032498168498169,0.6,0,
2023-11-14,12:58:08,46688.9684313600,1.953601953601954,-5.038757509157509,0.6,0,
2023-11-14,12:58:08,46688.9694313020,1.958485958485958,-5.042930402930403,0.6,0,
2023-11-14,12:58:08,46688.9704331710,1.956043956043956,-5.040843956043956,0.6,0,
2023-11-14,12:58:08,46688.9714312370,1.958485958485958,-5.042930402930403,0.6,0,
2023-11-14,12:58:08,46688.9724311790,1.953601953601954,-5.038757509157509,0.6,0,
2023-11-14,12:58:08,46688.9734312770,1.946275946275946,-5.032498168498169,0.6,0,
2023-11-14,12:58:08,46688.9744313750,1.941391941391941,-5.028325274725275,0.6,0,
2023-11-14,12:58:08,46688.9754312650,1.936507936507937,-5.024152380952382,0.6,0,
2023-11-14,12:58:08,46688.9764312580,1.934065934065934,-5.022065934065934,0.6,0,
2023-11-14,12:58:08,46688.9774312000,1.929181929181929,-5.017893040293041,0.6,0,
2023-11-14,12:58:08,46688.9784310900,1.926739926739927,-5.015806593406594,0.6,0,
2023-11-14,12:58:08,46688.9794309790,1.934065934065934,-5.022065934065934,0.6,0,
2023-11-14,12:58:08,46688.9804313380,1.931623931623932,-5.019979487179487,0.6,0,
2023-11-14,12:58:08,46688.9814312270,1.936507936507937,-5.024152380952382,0.6,0,
2023-11-14,12:58:08,46688.9824313770,1.938949938949939,-5.026238827838828,0.6,0,
2023-11-14,12:58:08,46688.9834313190,1.943833943833944,-5.030411721611722,0.6,0,
2023-11-14,12:58:08,46688.9844313130,1.943833943833944,-5.030411721611722,0.6,0,
2023-11-14,12:58:08,46688.9854314630,1.946275946275946,-5.032498168498169,0.6,0,
2023-11-14,12:58:08,46688.9864312480,1.948717948717949,-5.034584615384616,0.4,0,
2023-11-14,12:58:08,46688.9874312420,1.946275946275946,-5.032498168498169,0.4,0,
2023-11-14,12:58:08,46688.9884313400,1.946275946275946,-5.032498168498169,0.4,0,
2023-11-14,12:58:08,46688.9894312820,1.951159951159951,-5.036671062271062,0.4,0,
2023-11-14,12:58:08,46688.9904331510,1.978021978021978,-5.059621978021978,0.4,0,
2023-11-14,12:58:08,46688.9914313740,2.031746031746032,-5.10552380952381,0.4,0,
2023-11-14,12:58:08,46688.9924313670,2.097680097680098,-5.161857875457876,0.4,0,
2023-11-14,12:58:08,46688.9934313090,2.178266178266178,-5.230710622710623,0.4,0,
2023-11-14,12:58:08,46688.9944314070,2.253968253968254,-5.295390476190477,0.4,0,
2023-11-14,12:58:08,46688.9954313490,2.31013431013431,-5.343378754578755,0.4,0,
2023-11-14,12:58:08,46688.9964312380,2.351648351648352,-5.378848351648352,0.4,0,
2023-11-14,12:58:08,46688.9974312320,2.368742368742369,-5.393453479853481,0.4,0,
2023-11-14,12:58:08,46688.9984312780,2.361416361416361,-5.38719413919414,0.4,0,
2023-11-14,12:58:08,46688.9994310110,2.32967032967033,-5.36007032967033,0.4,0,
2023-11-14,12:58:09,46689.0004330880,2.283272283272283,-5.320427838827839,0.4,0,
2023-11-14,12:58:09,46689.0014309990,2.227106227106227,-5.272439560439561,0.4,0,
2023-11-14,12:58:09,46689.0024312530,2.168498168498168,-5.222364835164836,0.4,0,
2023-11-14,12:58:09,46689.0034312990,2.122100122100122,-5.182722344322345,0.4,0,
2023-11-14,12:58:09,46689.0044313970,2.083028083028083,-5.149339194139195,0.4,0,
2023-11-14,12:58:09,46689.0054312860,2.063492063492064,-5.13264761904762,0.4,0,
2023-11-14,12:58:09,46689.0064311760,2.065934065934066,-5.134734065934066,0.4,0,
2023-11-14,12:58:09,46689.0074312740,2.080586080586081,-5.147252747252748,0.4,0,
2023-11-14,12:58:09,46689.0084313200,2.117216117216117,-5.17854945054945,0.4,0,
2023-11-14,12:58:09,46689.0094313660,2.161172161172161,-5.216105494505495,0.4,0,
2023-11-14,12:58:09,46689.0104315680,2.205128205128205,-5.253661538461539,0.4,0,
2023-11-14,12:58:09,46689.0114313530,2.249084249084249,-5.291217582417582,0.4,0,
2023-11-14,12:58:09,46689.0124311390,2.278388278388278,-5.316254945054945,0.4,0,
2023-11-14,12:58:09,46689.0134312370,2.297924297924298,-5.33294652014652,0.4,0,
2023-11-14,12:58:09,46689.0144312310,2.302808302808303,-5.337119413919414,0.4,0,
2023-11-14,12:58:09,46689.0154312240,2.297924297924298,-5.33294652014652,0.4,0,
2023-11-14,12:58:09,46689.0164310620,2.273504273504273,-5.312082051282052,0.4,0,
2023-11-14,12:58:09,46689.0174312120,2.241758241758242,-5.284958241758242,0.4,0,
2023-11-14,12:58:09,46689.0184312580,2.207570207570208,-5.255747985347986,0.4,0,
2023-11-14,12:58:09,46689.0194313040,2.175824175824176,-5.228624175824176,0.4,0,
2023-11-14,12:58:09,46689.0204330690,2.146520146520146,-5.203586813186813,0.4,0,
2023-11-14,12:58:09,46689.0214311350,2.129426129426129,-5.188981684981686,0.4,0,
2023-11-14,12:58:09,46689.0224312330,2.122100122100122,-5.182722344322345,0.4,0,
2023-11-14,12:58:09,46689.0234311230,2.124542124542125,-5.184808791208791,0.4,0,
2023-11-14,12:58:09,46689.0244312730,2.139194139194139,-5.197327472527473,0.4,0,
2023-11-14,12:58:09,46689.0254313710,2.163614163614163,-5.218191941391941,0.4,0,
2023-11-14,12:58:09,46689.0264312090,2.185592185592185,-5.236969963369964,0.4,0,
2023-11-14,12:58:09,46689.0274312020,2.214896214896215,-5.262007326007327,0.4,0,
2023-11-14,12:58:09,46689.0284314040,2.236874236874237,-5.280785347985349,0.4,0,
2023-11-14,12:58:09,46689.0294311380,2.258852258852259,-5.29956336996337,0.4,0,
2023-11-14,12:58:09,46689.0304330590,2.268620268620269,-5.307909157509158,0.4,0,
2023-11-14,12:58:09,46689.0314312820,2.263736263736264,-5.303736263736264,0.4,0,
2023-11-14,12:58:09,46689.0324312760,2.258852258852259,-5.29956336996337,0.4,0,
2023-11-14,12:58:09,46689.0334313740,2.239316239316239,-5.282871794871795,0.4,0,
2023-11-14,12:58:09,46689.0344312110,2.222222222222222,-5.268266666666667,0.4,0,
2023-11-14,12:58:09,46689.0354313090,2.195360195360196,-5.245315750915752,0.4,0,
2023-11-14,12:58:09,46689.0364312510,2.175824175824176,-5.228624175824176,0.4,0,
2023-11-14,12:58:09,46689.0374312970,2.163614163614163,-5.218191941391941,0.4,0,
2023-11-14,12:58:09,46689.0384312910,2.158730158730159,-5.214019047619048,0.4,0,
2023-11-14,12:58:09,46689.0394311800,2.156288156288156,-5.211932600732601,0.4,0,
2023-11-14,12:58:09,46689.0404331010,2.161172161172161,-5.216105494505495,0.4,0,
2023-11-14,12:58:09,46689.0414315840,2.173382173382173,-5.226537728937729,0.4,0,
2023-11-14,12:58:09,46689.0424311100,2.190476190476191,-5.241142857142858,0.4,0,
2023-11-14,12:58:09,46689.0434309990,2.207570207570208,-5.255747985347986,0.4,0,
2023-11-14,12:58:09,46689.0444310970,2.222222222222222,-5.268266666666667,0.4,0,
2023-11-14,12:58:09,46689.0454313510,2.231990231990232,-5.276612454212454,0.4,0,
2023-11-14,12:58:09,46689.0464312410,2.239316239316239,-5.282871794871795,0.4,0,
2023-11-14,12:58:09,46689.0474312870,2.241758241758242,-5.284958241758242,0.4,0,
2023-11-14,12:58:09,46689.0484312810,2.236874236874237,-5.280785347985349,0.4,0,
2023-11-14,12:58:09,46689.0494312230,2.22954822954823,-5.274526007326008,0.4,0,
2023-11-14,12:58:09,46689.0504330390,2.222222222222222,-5.268266666666667,0.4,0,
2023-11-14,12:58:09,46689.0514312620,2.205128205128205,-5.253661538461539,0.4,0,
2023-11-14,12:58:09,46689.0524312560,2.192918192918193,-5.243229304029304,0.4,0,
2023-11-14,12:58:09,46689.0534314060,2.185592185592185,-5.236969963369964,0.4,0,
2023-11-14,12:58:09,46689.0544313480,2.178266178266178,-5.230710622710623,0.4,0,
2023-11-14,12:58:09,46689.0554312370,2.175824175824176,-5.228624175824176,0.4,0,
2023-11-14,12:58:09,46689.0564313350,2.175824175824176,-5.228624175824176,0.4,0,
2023-11-14,12:58:09,46689.0574313290,2.185592185592185,-5.236969963369964,0.4,0,
2023-11-14,12:58:09,46689.0584312710,2.190476190476191,-5.241142857142858,0.4,0,
2023-11-14,12:58:09,46689.0594314210,2.207570207570208,-5.255747985347986,0.4,0,
2023-11-14,12:58:09,46689.0604331860,2.21978021978022,-5.26618021978022,0.4,0,
2023-11-14,12:58:09,46689.0614314090,2.224664224664225,-5.270353113553114,0.4,0,
2023-11-14,12:58:09,46689.0624312980,2.22954822954823,-5.274526007326008,0.4,0,
2023-11-14,12:58:09,46689.0634311880,2.22954822954823,-5.274526007326008,0.4,0,
2023-11-14,12:58:09,46689.0644311300,2.227106227106227,-5.272439560439561,0.4,0,
2023-11-14,12:58:09,46689.0654310710,2.224664224664225,-5.270353113553114,0.4,0,
2023-11-14,12:58:09,46689.0664311170,2.217338217338217,-5.264093772893773,0.4,0,
2023-11-14,12:58:09,46689.0674312670,2.21001221001221,-5.257834432234432,0.4,0,
2023-11-14,12:58:09,46689.0684313650,2.202686202686203,-5.251575091575092,0.4,0,
2023-11-14,12:58:09,46689.0694314110,2.195360195360196,-5.245315750915752,0.4,0,
2023-11-14,12:58:09,46689.0704331760,2.190476190476191,-5.241142857142858,0.4,0,
2023-11-14,12:58:09,46689.0714313470,2.190476190476191,-5.241142857142858,0.4,0,
2023-11-14,12:58:09,46689.0724311320,2.185592185592185,-5.236969963369964,0.4,0,
2023-11-14,12:58:09,46689.0734312820,2.190476190476191,-5.241142857142858,0.4,0,
2023-11-14,12:58:09,46689.0744313280,2.2002442002442,-5.249488644688645,0.4,0,
2023-11-14,12:58:09,46689.0754313740,2.21001221001221,-5.257834432234432,0.4,0,
2023-11-14,12:58:09,46689.0764313160,2.214896214896215,-5.262007326007327,0.4,0,
2023-11-14,12:58:09,46689.0774311530,2.21978021978022,-5.26618021978022,0.4,0,
2023-11-14,12:58:09,46689.0784312510,2.222222222222222,-5.268266666666667,0.4,0,
2023-11-14,12:58:09,46689.0794312970,2.222222222222222,-5.268266666666667,0.4,0,
2023-11-14,12:58:09,46689.0804332180,2.222222222222222,-5.268266666666667,0.4,0,
2023-11-14,12:58:09,46689.0814311810,2.21978021978022,-5.26618021978022,0.4,0,
2023-11-14,12:58:09,46689.0824311750,2.217338217338217,-5.264093772893773,0.4,0,
2023-11-14,12:58:09,46689.0834311680,2.21001221001221,-5.257834432234432,0.4,0,
2023-11-14,12:58:09,46689.0844313190,2.207570207570208,-5.255747985347986,0.4,0,
2023-11-14,12:58:09,46689.0854310520,2.202686202686203,-5.251575091575092,0.4,0,
2023-11-14,12:58:09,46689.0864310460,2.2002442002442,-5.249488644688645,0.6,0,
2023-11-14,12:58:09,46689.0874311440,2.192918192918193,-5.243229304029304,0.6,0,
2023-11-14,12:58:09,46689.0884309810,2.192918192918193,-5.243229304029304,0.6,0,
2023-11-14,12:58:09,46689.0894313400,2.190476190476191,-5.241142857142858,0.6,0,
2023-11-14,12:58:09,46689.0904330520,2.163614163614163,-5.218191941391941,0.6,0,
2023-11-14,12:58:09,46689.0914313790,2.112332112332112,-5.174376556776557,0.6,0,
2023-11-14,12:58:09,46689.0924311130,2.046398046398046,-5.118042490842491,0.6,0,
2023-11-14,12:58:09,46689.0934314190,1.973137973137973,-5.055449084249084,0.6,0,
2023-11-14,12:58:09,46689.0944313090,1.897435897435897,-4.990769230769231,0.6,0,
2023-11-14,12:58:09,46689.0954312500,1.841269841269841,-4.942780952380953,0.6,0,
2023-11-14,12:58:09,46689.0964312440,1.804639804639805,-4.91148424908425,0.6,0,
2023-11-14,12:58:09,46689.0974313940,1.782661782661783,-4.892706227106228,0.6,0,
2023-11-14,12:58:09,46689.0984313880,1.7997557997558,-4.907311355311355,0.6,0,
2023-11-14,12:58:09,46689.0994314340,1.824175824175824,-4.928175824175824,0.6,0,
2023-11-14,12:58:09,46689.1004331470,1.875457875457875,-4.971991208791209,0.6,0,
2023-11-14,12:58:09,46689.1014314220,1.934065934065934,-5.022065934065934,0.6,0,
2023-11-14,12:58:09,46689.1024313630,1.985347985347985,-5.065881318681319,0.6,0,
2023-11-14,12:58:09,46689.1034312530,2.031746031746032,-5.10552380952381,0.6,0,
2023-11-14,12:58:09,46689.1044313510,2.063492063492064,-5.13264761904762,0.6,0,
2023-11-14,12:58:09,46689.1054312930,2.078144078144078,-5.1451663003663,0.6,0,
2023-11-14,12:58:09,46689.1064310780,2.073260073260073,-5.140993406593407,0.6,0,
2023-11-14,12:58:09,46689.1074310720,2.056166056166056,-5.126388278388278,0.6,0,
2023-11-14,12:58:09,46689.1084311700,2.024420024420024,-5.099264468864469,0.6,0,
2023-11-14,12:58:09,46689.1094311120,1.980463980463981,-5.061708424908425,0.6,0,
2023-11-14,12:58:09,46689.1104332410,1.941391941391941,-5.028325274725275,0.6,0,
2023-11-14,12:58:09,46689.1114314120,1.897435897435897,-4.990769230769231,0.6,0,
2023-11-14,12:58:09,46689.1124313020,1.870573870573871,-4.967818315018315,0.6,0,
2023-11-14,12:58:09,46689.1134311390,1.855921855921856,-4.955299633699634,0.6,0,
2023-11-14,12:58:09,46689.1144311850,1.853479853479854,-4.953213186813187,0.6,0,
2023-11-14,12:58:09,46689.1154312310,1.865689865689866,-4.963645421245421,0.6,0,
2023-11-14,12:58:09,46689.1164312250,1.887667887667888,-4.982423443223444,0.6,0,
2023-11-14,12:58:09,46689.1174313750,1.919413919413919,-5.009547252747253,0.6,0,
2023-11-14,12:58:09,46689.1184314210,1.951159951159951,-5.036671062271062,0.6,0,
2023-11-14,12:58:09,46689.1194313620,1.982905982905983,-5.063794871794872,0.6,0,
2023-11-14,12:58:09,46689.1204330750,2.002442002442002,-5.080486446886447,0.6,0,
2023-11-14,12:58:09,46689.1214314020,2.019536019536019,-5.095091575091575,0.6,0,
2023-11-14,12:58:09,46689.1224312400,2.024420024420024,-5.099264468864469,0.6,0,
2023-11-14,12:58:09,46689.1234313380,2.012210012210012,-5.088832234432235,0.6,0,
2023-11-14,12:58:09,46689.1244311750,1.997557997557998,-5.076313553113554,0.6,0,
2023-11-14,12:58:09,46689.1254311690,1.978021978021978,-5.059621978021978,0.6,0,
2023-11-14,12:58:09,46689.1264312670,1.948717948717949,-5.034584615384616,0.6,0,
2023-11-14,12:58:09,46689.1274313130,1.926739926739927,-5.015806593406594,0.6,0,
2023-11-14,12:58:09,46689.1284309420,1.904761904761905,-4.997028571428571,0.6,0,
2023-11-14,12:58:09,46689.1294311440,1.892551892551892,-4.986596336996337,0.6,0,
2023-11-14,12:58:09,46689.1304329610,1.89010989010989,-4.984509890109891,0.6,0,
2023-11-14,12:58:09,46689.1314310800,1.892551892551892,-4.986596336996337,0.6,0,
2023-11-14,12:58:09,46689.1324313340,1.902319902319902,-4.994942124542124,0.6,0,
2023-11-14,12:58:09,46689.1334313280,1.924297924297924,-5.013720146520146,0.6,0,
2023-11-14,12:58:09,46689.1344312700,1.943833943833944,-5.030411721611722,0.6,0,
2023-11-14,12:58:09,46689.1354313160,1.960927960927961,-5.04501684981685,0.6,0,
2023-11-14,12:58:09,46689.1364311010,1.973137973137973,-5.055449084249084,0.6,0,
2023-11-14,12:58:09,46689.1374313030,1.982905982905983,-5.063794871794872,0.6,0,
2023-11-14,12:58:09,46689.1384312450,1.99023199023199,-5.070054212454213,0.6,0,
2023-11-14,12:58:09,46689.1394311870,1.985347985347985,-5.065881318681319,0.6,0,
2023-11-14,12:58:09,46689.1404331600,1.978021978021978,-5.059621978021978,0.6,0,
2023-11-14,12:58:09,46689.1414312780,1.963369963369963,-5.047103296703296,0.6,0,
2023-11-14,12:58:09,46689.1424312200,1.951159951159951,-5.036671062271062,0.6,0,
2023-11-14,12:58:09,46689.1434313700,1.936507936507937,-5.024152380952382,0.6,0,
2023-11-14,12:58:09,46689.1444313640,1.924297924297924,-5.013720146520146,0.6,0,
2023-11-14,12:58:09,46689.1454312540,1.90964590964591,-5.001201465201466,0.6,0,
2023-11-14,12:58:09,46689.1464313000,1.90964590964591,-5.001201465201466,0.6,0,
2023-11-14,12:58:09,46689.1474312410,1.912087912087912,-5.003287912087912,0.6,0,
2023-11-14,12:58:09,46689.1484312350,1.919413919413919,-5.009547252747253,0.6,0,
2023-11-14,12:58:09,46689.1494312810,1.929181929181929,-5.017893040293041,0.6,0,
2023-11-14,12:58:09,46689.1504313790,1.941391941391941,-5.028325274725275,0.6,0,
2023-11-14,12:58:09,46689.1514312170,1.953601953601954,-5.038757509157509,0.6,0,
2023-11-14,12:58:09,46689.1524312630,1.960927960927961,-5.04501684981685,0.6,0,
2023-11-14,12:58:09,46689.1534313080,1.970695970695971,-5.053362637362637,0.6,0,
2023-11-14,12:58:09,46689.1544313540,1.973137973137973,-5.055449084249084,0.6,0,
2023-11-14,12:58:09,46689.1554313480,1.965811965811966,-5.049189743589744,0.6,0,
2023-11-14,12:58:09,46689.1564313940,1.963369963369963,-5.047103296703296,0.6,0,
2023-11-14,12:58:09,46689.1574312320,1.958485958485958,-5.042930402930403,0.6,0,
2023-11-14,12:58:09,46689.1584313300,1.943833943833944,-5.030411721611722,0.6,0,
2023-11-14,12:58:09,46689.1594312710,1.938949938949939,-5.026238827838828,0.6,0,
2023-11-14,12:58:09,46689.1604331920,1.929181929181929,-5.017893040293041,0.6,0,
2023-11-14,12:58:09,46689.1614313110,1.924297924297924,-5.013720146520146,0.6,0,
2023-11-14,12:58:09,46689.1624313570,1.919413919413919,-5.009547252747253,0.6,0,
2023-11-14,12:58:09,46689.1634312990,1.919413919413919,-5.009547252747253,0.6,0,
2023-11-14,12:58:09,46689.1644313450,1.926739926739927,-5.015806593406594,0.6,0,
2023-11-14,12:58:09,46689.1654312860,1.931623931623932,-5.019979487179487,0.6,0,
2023-11-14,12:58:09,46689.1664313320,1.938949938949939,-5.026238827838828,0.6,0,
2023-11-14,12:58:09,46689.1674313780,1.946275946275946,-5.032498168498169,0.6,0,
2023-11-14,12:58:09,46689.1684314240,1.953601953601954,-5.038757509157509,0.6,0,
2023-11-14,12:58:09,46689.1694314700,1.956043956043956,-5.040843956043956,0.6,0,
2023-11-14,12:58:09,46689.1704331820,1.960927960927961,-5.04501684981685,0.6,0,
2023-11-14,12:58:09,46689.1714311450,1.953601953601954,-5.038757509157509,0.6,0,
2023-11-14,12:58:09,46689.1724310870,1.953601953601954,-5.038757509157509,0.6,0,
2023-11-14,12:58:09,46689.1734310810,1.951159951159951,-5.036671062271062,0.6,0,
2023-11-14,12:58:09,46689.1744310740,1.946275946275946,-5.032498168498169,0.6,0,
2023-11-14,12:58:09,46689.1754313810,1.941391941391941,-5.028325274725275,0.6,0,
2023-11-14,12:58:09,46689.1764312700,1.934065934065934,-5.022065934065934,0.6,0,
2023-11-14,12:58:09,46689.1774313160,1.931623931623932,-5.019979487179487,0.6,0,
2023-11-14,12:58:09,46689.1784311540,1.931623931623932,-5.019979487179487,0.6,0,
2023-11-14,12:58:09,46689.1794312520,1.931623931623932,-5.019979487179487,0.6,0,
2023-11-14,12:58:09,46689.1804331210,1.931623931623932,-5.019979487179487,0.6,0,
2023-11-14,12:58:09,46689.1814313440,1.938949938949939,-5.026238827838828,0.6,0,
2023-11-14,12:58:09,46689.1824312330,1.938949938949939,-5.026238827838828,0.6,0,
2023-11-14,12:58:09,46689.1834312790,1.941391941391941,-5.028325274725275,0.6,0,
2023-11-14,12:58:09,46689.1844311690,1.948717948717949,-5.034584615384616,0.6,0,
2023-11-14,12:58:09,46689.1854312150,1.951159951159951,-5.036671062271062,0.6,0,
2023-11-14,12:58:09,46689.1864312610,1.951159951159951,-5.036671062271062,0.4,0,
2023-11-14,12:58:09,46689.1874312540,1.948717948717949,-5.034584615384616,0.4,0,
2023-11-14,12:58:09,46689.1884312480,1.946275946275946,-5.032498168498169,0.4,0,
2023-11-14,12:58:09,46689.1894312940,1.953601953601954,-5.038757509157509,0.4,0,
2023-11-14,12:58:09,46689.1904331630,1.980463980463981,-5.061708424908425,0.4,0,
2023-11-14,12:58:09,46689.1914313340,2.036630036630036,-5.109696703296703,0.4,0,
2023-11-14,12:58:09,46689.1924312760,2.1001221001221,-5.163944322344323,0.4,0,
2023-11-14,12:58:09,46689.1934310090,2.175824175824176,-5.228624175824176,0.4,0,
2023-11-14,12:58:09,46689.1944311590,2.251526251526252,-5.293304029304029,0.4,0,
2023-11-14,12:58:09,46689.1954311010,2.312576312576313,-5.345465201465202,0.4,0,
2023-11-14,12:58:09,46689.1964312510,2.351648351648352,-5.378848351648352,0.4,0,
2023-11-14,12:58:09,46689.1974314530,2.368742368742369,-5.393453479853481,0.4,0,
2023-11-14,12:58:09,46689.1984312910,2.361416361416361,-5.38719413919414,0.4,0,
2023-11-14,12:58:09,46689.1994313890,2.327228327228327,-5.357983882783883,0.4,0,
2023-11-14,12:58:09,46689.2004331530,2.278388278388278,-5.316254945054945,0.4,0,
2023-11-14,12:58:09,46689.2014312720,2.227106227106227,-5.272439560439561,0.4,0,
2023-11-14,12:58:09,46689.2024312140,2.173382173382173,-5.226537728937729,0.4,0,
2023-11-14,12:58:09,46689.2034314160,2.11965811965812,-5.180635897435898,0.4,0,
2023-11-14,12:58:09,46689.2044314100,2.083028083028083,-5.149339194139195,0.4,0,
2023-11-14,12:58:09,46689.2054311430,2.065934065934066,-5.134734065934066,0.4,0,
2023-11-14,12:58:09,46689.2064312410,2.063492063492064,-5.13264761904762,0.4,0,
2023-11-14,12:58:09,46689.2074310790,2.080586080586081,-5.147252747252748,0.4,0,
2023-11-14,12:58:09,46689.2084313330,2.117216117216117,-5.17854945054945,0.4,0,
2023-11-14,12:58:09,46689.2094313790,2.158730158730159,-5.214019047619048,0.4,0,
2023-11-14,12:58:09,46689.2104331950,2.2002442002442,-5.249488644688645,0.4,0,
2023-11-14,12:58:09,46689.2114312620,2.239316239316239,-5.282871794871795,0.4,0,
2023-11-14,12:58:09,46689.2124313080,2.278388278388278,-5.316254945054945,0.4,0,
2023-11-14,12:58:09,46689.2134314060,2.3003663003663,-5.335032967032967,0.4,0,
2023-11-14,12:58:09,46689.2144311920,2.3003663003663,-5.335032967032967,0.4,0,
2023-11-14,12:58:09,46689.2154312900,2.297924297924298,-5.33294652014652,0.4,0,
2023-11-14,12:58:09,46689.2164310230,2.273504273504273,-5.312082051282052,0.4,0,
2023-11-14,12:58:09,46689.2174311730,2.246642246642247,-5.289131135531136,0.4,0,
2023-11-14,12:58:09,46689.2184314790,2.21001221001221,-5.257834432234432,0.4,0,
2023-11-14,12:58:09,46689.2194312650,2.175824175824176,-5.228624175824176,0.4,0,
2023-11-14,12:58:09,46689.2204332900,2.144078144078144,-5.201500366300366,0.4,0,
2023-11-14,12:58:09,46689.2214312520,2.126984126984127,-5.186895238095238,0.4,0,
2023-11-14,12:58:09,46689.2224312980,2.117216117216117,-5.17854945054945,0.4,0,
2023-11-14,12:58:09,46689.2234312400,2.11965811965812,-5.180635897435898,0.4,0,
2023-11-14,12:58:09,46689.2244312860,2.136752136752137,-5.195241025641026,0.4,0,
2023-11-14,12:58:09,46689.2254313320,2.161172161172161,-5.216105494505495,0.4,0,
2023-11-14,12:58:09,46689.2264314300,2.190476190476191,-5.241142857142858,0.4,0,
2023-11-14,12:58:09,46689.2274314240,2.214896214896215,-5.262007326007327,0.4,0,
2023-11-14,12:58:09,46689.2284313650,2.239316239316239,-5.282871794871795,0.4,0,
2023-11-14,12:58:09,46689.2294314630,2.256410256410256,-5.297476923076923,0.4,0,
2023-11-14,12:58:09,46689.2304331240,2.266178266178266,-5.305822710622711,0.4,0,
2023-11-14,12:58:09,46689.2314313990,2.263736263736264,-5.303736263736264,0.4,0,
2023-11-14,12:58:09,46689.2324311320,2.251526251526252,-5.293304029304029,0.4,0,
2023-11-14,12:58:09,46689.2334314390,2.236874236874237,-5.280785347985349,0.4,0,
2023-11-14,12:58:09,46689.2344315370,2.21978021978022,-5.26618021978022,0.4,0,
2023-11-14,12:58:09,46689.2354313220,2.2002442002442,-5.249488644688645,0.4,0,
2023-11-14,12:58:09,46689.2364310550,2.175824175824176,-5.228624175824176,0.4,0,
2023-11-14,12:58:09,46689.2374311530,2.168498168498168,-5.222364835164836,0.4,0,
2023-11-14,12:58:09,46689.2384313040,2.156288156288156,-5.211932600732601,0.4,0,
2023-11-14,12:58:09,46689.2394313490,2.161172161172161,-5.216105494505495,0.4,0,
2023-11-14,12:58:09,46689.2404332180,2.163614163614163,-5.218191941391941,0.4,0,
2023-11-14,12:58:09,46689.2414313370,2.173382173382173,-5.226537728937729,0.4,0,
2023-11-14,12:58:09,46689.2424314350,2.190476190476191,-5.241142857142858,0.4,0,
2023-11-14,12:58:09,46689.2434313250,2.207570207570208,-5.255747985347986,0.4,0,
2023-11-14,12:58:09,46689.2444312660,2.21978021978022,-5.26618021978022,0.4,0,
2023-11-14,12:58:09,46689.2454313640,2.236874236874237,-5.280785347985349,0.4,0,
2023-11-14,12:58:09,46689.2464312540,2.241758241758242,-5.284958241758242,0.4,0,
2023-11-14,12:58:09,46689.2474314040,2.241758241758242,-5.284958241758242,0.4,0,
2023-11-14,12:58:09,46689.2484315020,2.239316239316239,-5.282871794871795,0.4,0,
2023-11-14,12:58:09,46689.2494312880,2.22954822954823,-5.274526007326008,0.4,0,
2023-11-14,12:58:09,46689.2504332080,2.222222222222222,-5.268266666666667,0.4,0,
2023-11-14,12:58:09,46689.2514313790,2.207570207570208,-5.255747985347986,0.4,0,
2023-11-14,12:58:09,46689.2524313210,2.192918192918193,-5.243229304029304,0.4,0,
2023-11-14,12:58:09,46689.2534312110,2.188034188034188,-5.239056410256411,0.4,0,
2023-11-14,12:58:09,46689.2544312050,2.178266178266178,-5.230710622710623,0.4,0,
2023-11-14,12:58:09,46689.2554313030,2.175824175824176,-5.228624175824176,0.4,0,
2023-11-14,12:58:09,46689.2564312440,2.178266178266178,-5.230710622710623,0.4,0,
2023-11-14,12:58:09,46689.2574312380,2.183150183150183,-5.234883516483516,0.4,0,
2023-11-14,12:58:09,46689.2584311800,2.192918192918193,-5.243229304029304,0.4,0,
2023-11-14,12:58:09,46689.2594310170,2.205128205128205,-5.253661538461539,0.4,0,
2023-11-14,12:58:09,46689.2604313760,2.214896214896215,-5.262007326007327,0.4,0,
2023-11-14,12:58:09,46689.2614313180,2.21978021978022,-5.26618021978022,0.4,0,
2023-11-14,12:58:09,46689.2624314160,2.22954822954823,-5.274526007326008,0.4,0,
2023-11-14,12:58:09,46689.2634313570,2.22954822954823,-5.274526007326008,0.4,0,
2023-11-14,12:58:09,46689.2644314030,2.227106227106227,-5.272439560439561,0.4,0,
2023-11-14,12:58:09,46689.2654312410,2.224664224664225,-5.270353113553114,0.4,0,
2023-11-14,12:58:09,46689.2664312350,2.217338217338217,-5.264093772893773,0.4,0,
2023-11-14,12:58:09,46689.2674313320,2.212454212454213,-5.259920879120879,0.4,0,
2023-11-14,12:58:09,46689.2684313780,2.202686202686203,-5.251575091575092,0.4,0,
2023-11-14,12:58:09,46689.2694313720,2.190476190476191,-5.241142857142858,0.4,0,
2023-11-14,12:58:09,46689.2704315220,2.185592185592185,-5.236969963369964,0.4,0,
2023-11-14,12:58:09,46689.2714314640,2.185592185592185,-5.236969963369964,0.4,0,
2023-11-14,12:58:09,46689.2724313540,2.190476190476191,-5.241142857142858,0.4,0,
2023-11-14,12:58:09,46689.2734314520,2.192918192918193,-5.243229304029304,0.4,0,
2023-11-14,12:58:09,46689.2744313410,2.195360195360196,-5.245315750915752,0.4,0,
2023-11-14,12:58:09,46689.2754313350,2.207570207570208,-5.255747985347986,0.4,0,
2023-11-14,12:58:09,46689.2764313810,2.214896214896215,-5.262007326007327,0.4,0,
2023-11-14,12:58:09,46689.2774313230,2.21978021978022,-5.26618021978022,0.4,0,
2023-11-14,12:58:09,46689.2784313690,2.227106227106227,-5.272439560439561,0.4,0,
2023-11-14,12:58:09,46689.2794312060,2.224664224664225,-5.270353113553114,0.4,0,
2023-11-14,12:58:09,46689.2804313560,2.224664224664225,-5.270353113553114,0.4,0,
2023-11-14,12:58:09,46689.2814311420,2.21978021978022,-5.26618021978022,0.4,0,
2023-11-14,12:58:09,46689.2824311360,2.217338217338217,-5.264093772893773,0.4,0,
2023-11-14,12:58:09,46689.2834313380,2.212454212454213,-5.259920879120879,0.4,0,
2023-11-14,12:58:09,46689.2844312270,2.207570207570208,-5.255747985347986,0.4,0,
2023-11-14,12:58:09,46689.2854313250,2.202686202686203,-5.251575091575092,0.4,0,
2023-11-14,12:58:09,46689.2864312670,2.2002442002442,-5.249488644688645,0.6,0,
2023-11-14,12:58:09,46689.2874313650,2.190476190476191,-5.241142857142858,0.6,0,
2023-11-14,12:58:09,46689.2884312030,2.2002442002442,-5.249488644688645,0.6,0,
2023-11-14,12:58:09,46689.2894313530,2.190476190476191,-5.241142857142858,0.6,0,
2023-11-14,12:58:09,46689.2904313460,2.163614163614163,-5.218191941391941,0.6,0,
2023-11-14,12:58:09,46689.2914312360,2.10989010989011,-5.17229010989011,0.6,0,
2023-11-14,12:58:09,46689.2924313340,2.046398046398046,-5.118042490842491,0.6,0,
2023-11-14,12:58:09,46689.2934311720,1.973137973137973,-5.055449084249084,0.6,0,
2023-11-14,12:58:09,46689.2944313740,1.902319902319902,-4.994942124542124,0.6,0,
2023-11-14,12:58:09,46689.2954312630,1.843711843711844,-4.9448673992674,0.6,0,
2023-11-14,12:58:09,46689.2964312050,1.802197802197802,-4.909397802197803,0.6,0,
2023-11-14,12:58:09,46689.2974311990,1.787545787545788,-4.896879120879121,0.6,0,
2023-11-14,12:58:09,46689.2984314010,1.792429792429793,-4.901052014652015,0.6,0,
2023-11-14,12:58:09,46689.2994313430,1.826617826617827,-4.930262271062271,0.6,0,
2023-11-14,12:58:09,46689.3004332120,1.875457875457875,-4.971991208791209,0.6,0,
2023-11-14,12:58:09,46689.3014310180,1.929181929181929,-5.017893040293041,0.6,0,
2023-11-14,12:58:09,46689.3024312720,1.982905982905983,-5.063794871794872,0.6,0,
2023-11-14,12:58:09,46689.3034312140,2.031746031746032,-5.10552380952381,0.6,0,
2023-11-14,12:58:09,46689.3044311560,2.063492063492064,-5.13264761904762,0.6,0,
2023-11-14,12:58:09,46689.3054313580,2.078144078144078,-5.1451663003663,0.6,0,
2023-11-14,12:58:09,46689.3064313000,2.075702075702076,-5.143079853479854,0.6,0,
2023-11-14,12:58:09,46689.3074313460,2.053724053724054,-5.124301831501832,0.6,0,
2023-11-14,12:58:09,46689.3084311830,2.026862026862027,-5.101350915750916,0.6,0,
2023-11-14,12:58:09,46689.3094312810,1.982905982905983,-5.063794871794872,0.6,0,
2023-11-14,12:58:09,46689.3104330980,1.938949938949939,-5.026238827838828,0.6,0,
2023-11-14,12:58:09,46689.3114312690,1.902319902319902,-4.994942124542124,0.6,0,
2023-11-14,12:58:09,46689.3124312630,1.870573870573871,-4.967818315018315,0.6,0,
2023-11-14,12:58:09,46689.3134312560,1.855921855921856,-4.955299633699634,0.6,0,
2023-11-14,12:58:09,46689.3144313540,1.853479853479854,-4.953213186813187,0.6,0,
2023-11-14,12:58:09,46689.3154314000,1.863247863247863,-4.961558974358974,0.6,0,
2023-11-14,12:58:09,46689.3164312380,1.887667887667888,-4.982423443223444,0.6,0,
2023-11-14,12:58:09,46689.3174313880,1.914529914529915,-5.005374358974359,0.6,0,
2023-11-14,12:58:09,46689.3184313300,1.956043956043956,-5.040843956043956,0.6,0,
2023-11-14,12:58:09,46689.3194313230,1.980463980463981,-5.061708424908425,0.6,0,
2023-11-14,12:58:09,46689.3204314730,2.004884004884005,-5.082572893772894,0.6,0,
2023-11-14,12:58:09,46689.3214314150,2.017094017094017,-5.093005128205128,0.6,0,
2023-11-14,12:58:09,46689.3224309920,2.021978021978022,-5.097178021978022,0.6,0,
2023-11-14,12:58:09,46689.3234310380,2.012210012210012,-5.088832234432235,0.6,0,
2023-11-14,12:58:09,46689.3244310840,1.997557997557998,-5.076313553113554,0.6,0,
2023-11-14,12:58:09,46689.3254310780,1.975579975579976,-5.057535531135532,0.6,0,
2023-11-14,12:58:09,46689.3264313840,1.951159951159951,-5.036671062271062,0.6,0,
2023-11-14,12:58:09,46689.3274313260,1.924297924297924,-5.013720146520146,0.6,0,
2023-11-14,12:58:09,46689.3284313720,1.907203907203907,-4.999115018315019,0.6,0,
2023-11-14,12:58:09,46689.3294312090,1.892551892551892,-4.986596336996337,0.6,0,
2023-11-14,12:58:09,46689.3304332340,1.887667887667888,-4.982423443223444,0.6,0,
2023-11-14,12:58:09,46689.3314312490,1.892551892551892,-4.986596336996337,0.6,0,
2023-11-14,12:58:09,46689.3324313470,1.904761904761905,-4.997028571428571,0.6,0,
2023-11-14,12:58:09,46689.3334313410,1.919413919413919,-5.009547252747253,0.6,0,
2023-11-14,12:58:09,46689.3344311790,1.941391941391941,-5.028325274725275,0.6,0,
2023-11-14,12:58:09,46689.3354313810,1.956043956043956,-5.040843956043956,0.6,0,
2023-11-14,12:58:09,46689.3364313220,1.975579975579976,-5.057535531135532,0.6,0,
2023-11-14,12:58:09,46689.3374312120,1.985347985347985,-5.065881318681319,0.6,0,
2023-11-14,12:58:09,46689.3384312060,1.987789987789988,-5.067967765567766,0.6,0,
2023-11-14,12:58:09,46689.3394313040,1.985347985347985,-5.065881318681319,0.6,0,
2023-11-14,12:58:09,46689.3404331730,1.978021978021978,-5.059621978021978,0.6,0,
2023-11-14,12:58:09,46689.3414312390,1.960927960927961,-5.04501684981685,0.6,0,
2023-11-14,12:58:09,46689.3424313890,1.953601953601954,-5.038757509157509,0.6,0,
2023-11-14,12:58:09,46689.3434312270,1.936507936507937,-5.024152380952382,0.6,0,
2023-11-14,12:58:09,46689.3444312210,1.924297924297924,-5.013720146520146,0.6,0,
2023-11-14,12:58:09,46689.3454311630,1.912087912087912,-5.003287912087912,0.6,0,
2023-11-14,12:58:09,46689.3464311560,1.90964590964591,-5.001201465201466,0.6,0,
2023-11-14,12:58:09,46689.3474311500,1.912087912087912,-5.003287912087912,0.6,0,
2023-11-14,12:58:09,46689.3484312480,1.914529914529915,-5.005374358974359,0.6,0,
2023-11-14,12:58:09,46689.3494313980,1.931623931623932,-5.019979487179487,0.6,0,
2023-11-14,12:58:09,46689.3504331110,1.938949938949939,-5.026238827838828,0.6,0,
2023-11-14,12:58:09,46689.3514312820,1.951159951159951,-5.036671062271062,0.6,0,
2023-11-14,12:58:09,46689.3524312760,1.960927960927961,-5.04501684981685,0.6,0,
2023-11-14,12:58:09,46689.3534313210,1.965811965811966,-5.049189743589744,0.6,0,
2023-11-14,12:58:09,46689.3544313670,1.970695970695971,-5.053362637362637,0.6,0,
2023-11-14,12:58:09,46689.3554311530,1.973137973137973,-5.055449084249084,0.6,0,
2023-11-14,12:58:09,46689.3564311990,1.963369963369963,-5.047103296703296,0.6,0,
2023-11-14,12:58:09,46689.3574314010,1.953601953601954,-5.038757509157509,0.6,0,
2023-11-14,12:58:09,46689.3584312910,1.946275946275946,-5.032498168498169,0.6,0,
2023-11-14,12:58:09,46689.3594311280,1.938949938949939,-5.026238827838828,0.6,0,
2023-11-14,12:58:09,46689.3604332050,1.931623931623932,-5.019979487179487,0.6,0,
2023-11-14,12:58:09,46689.3614313760,1.926739926739927,-5.015806593406594,0.6,0,
2023-11-14,12:58:09,46689.3624314740,1.924297924297924,-5.013720146520146,0.6,0,
2023-11-14,12:58:09,46689.3634313120,1.919413919413919,-5.009547252747253,0.6,0,
2023-11-14,12:58:09,46689.3644313050,1.926739926739927,-5.015806593406594,0.6,0,
2023-11-14,12:58:09,46689.3654311430,1.931623931623932,-5.019979487179487,0.6,0,
2023-11-14,12:58:09,46689.3664310850,1.936507936507937,-5.024152380952382,0.6,0,
2023-11-14,12:58:09,46689.3674309740,1.943833943833944,-5.030411721611722,0.6,0,
2023-11-14,12:58:09,46689.3684309160,1.953601953601954,-5.038757509157509,0.6,0,
2023-11-14,12:58:09,46689.3694313790,1.956043956043956,-5.040843956043956,0.6,0,
2023-11-14,12:58:09,46689.3704332480,1.956043956043956,-5.040843956043956,0.6,0,
2023-11-14,12:58:09,46689.3714312620,1.956043956043956,-5.040843956043956,0.6,0,
2023-11-14,12:58:09,46689.3724313080,1.953601953601954,-5.038757509157509,0.6,0,
2023-11-14,12:58:09,46689.3734313540,1.948717948717949,-5.034584615384616,0.6,0,
2023-11-14,12:58:09,46689.3744314000,1.941391941391941,-5.028325274725275,0.6,0,
2023-11-14,12:58:09,46689.3754311850,1.938949938949939,-5.026238827838828,0.6,0,
2023-11-14,12:58:09,46689.3764312310,1.931623931623932,-5.019979487179487,0.6,0,
2023-11-14,12:58:09,46689.3774313810,1.931623931623932,-5.019979487179487,0.6,0,
2023-11-14,12:58:09,46689.3784312190,1.926739926739927,-5.015806593406594,0.6,0,
2023-11-14,12:58:09,46689.3794312130,1.931623931623932,-5.019979487179487,0.6,0,
2023-11-14,12:58:09,46689.3804332380,1.929181929181929,-5.017893040293041,0.6,0,
2023-11-14,12:58:09,46689.3814313570,1.936507936507937,-5.024152380952382,0.6,0,
2023-11-14,12:58:09,46689.3824311940,1.941391941391941,-5.028325274725275,0.6,0,
2023-11-14,12:58:09,46689.3834311880,1.941391941391941,-5.028325274725275,0.6,0,
2023-11-14,12:58:09,46689.3844313380,1.946275946275946,-5.032498168498169,0.6,0,
2023-11-14,12:58:09,46689.3854311760,1.953601953601954,-5.038757509157509,0.6,0,
2023-11-14,12:58:09,46689.3864313780,1.948717948717949,-5.034584615384616,0.4,0,
2023-11-14,12:58:09,46689.3874312670,1.951159951159951,-5.036671062271062,0.4,0,
2023-11-14,12:58:09,46689.3884311050,1.948717948717949,-5.034584615384616,0.4,0,
2023-11-14,12:58:09,46689.3894310990,1.951159951159951,-5.036671062271062,0.4,0,
2023-11-14,12:58:09,46689.3904329680,1.980463980463981,-5.061708424908425,0.4,0,
2023-11-14,12:58:09,46689.3914312430,2.034188034188034,-5.107610256410257,0.4,0,
2023-11-14,12:58:09,46689.3924311840,2.1001221001221,-5.163944322344323,0.4,0,
2023-11-14,12:58:09,46689.3934312820,2.180708180708181,-5.232797069597069,0.4,0,
2023-11-14,12:58:09,46689.3944312240,2.253968253968254,-5.295390476190477,0.4,0,
2023-11-14,12:58:09,46689.3954312180,2.31013431013431,-5.343378754578755,0.4,0,
2023-11-14,12:58:09,46689.3964312120,2.351648351648352,-5.378848351648352,0.4,0,
2023-11-14,12:58:09,46689.3974313620,2.368742368742369,-5.393453479853481,0.4,0,
2023-11-14,12:58:09,46689.3984313560,2.361416361416361,-5.38719413919414,0.4,0,
2023-11-14,12:58:09,46689.3994312970,2.32967032967033,-5.36007032967033,0.4,0,
2023-11-14,12:58:09,46689.4004330620,2.285714285714286,-5.322514285714286,0.4,0,
2023-11-14,12:58:09,46689.4014313370,2.227106227106227,-5.272439560439561,0.4,0,
2023-11-14,12:58:09,46689.4024311230,2.170940170940171,-5.224451282051282,0.4,0,
2023-11-14,12:58:09,46689.4034312210,2.122100122100122,-5.182722344322345,0.4,0,
2023-11-14,12:58:09,46689.4044310580,2.083028083028083,-5.149339194139195,0.4,0,
2023-11-14,12:58:09,46689.4054313120,2.063492063492064,-5.13264761904762,0.4,0,
2023-11-14,12:58:09,46689.4064315140,2.063492063492064,-5.13264761904762,0.4,0,
2023-11-14,12:58:09,46689.4074312480,2.083028083028083,-5.149339194139195,0.4,0,
2023-11-14,12:58:09,46689.4084313460,2.11965811965812,-5.180635897435898,0.4,0,
2023-11-14,12:58:09,46689.4094310270,2.158730158730159,-5.214019047619048,0.4,0,
2023-11-14,12:58:09,46689.4104337290,2.205128205128205,-5.253661538461539,0.4,0,
2023-11-14,12:58:09,46689.4114312230,2.241758241758242,-5.284958241758242,0.4,0,
2023-11-14,12:58:09,46689.4124315290,2.278388278388278,-5.316254945054945,0.4,0,
2023-11-14,12:58:09,46689.4134313150,2.297924297924298,-5.33294652014652,0.4,0,
2023-11-14,12:58:09,46689.4144313610,2.302808302808303,-5.337119413919414,0.4,0,
2023-11-14,12:58:09,46689.4154312500,2.295482295482295,-5.330860073260073,0.4,0,
2023-11-14,12:58:09,46689.4164312960,2.271062271062271,-5.309995604395604,0.4,0,
2023-11-14,12:58:09,46689.4174312900,2.241758241758242,-5.284958241758242,0.4,0,
2023-11-14,12:58:09,46689.4184312840,2.21001221001221,-5.257834432234432,0.4,0,
